,Source,Target,Travel_time,Demand,Demand_per_minute,Routes,|V|,v_0,v_1,v_2,v_3,v_4,v_5,v_6,v_7,v_8,v_9,v_10,v_11,v_12,v_13,v_14
0,0,1,2.0,1030.0,515.0,0-1*,2.0,1.0,1.0,0.0,0.0,0.0,0.0,0.0,0.0,0.0,0.0,0.0,0.0,0.0,0.0,0.0
1,0,1,5.0,13072.0,2614.4,0-7-1*,3.0,1.0,1.0,0.0,0.0,0.0,0.0,0.0,1.0,0.0,0.0,0.0,0.0,0.0,0.0,0.0
4,0,1,7.0,25660.0,3665.714285714286,0-6-7-1*,4.0,1.0,1.0,0.0,0.0,0.0,0.0,1.0,1.0,0.0,0.0,0.0,0.0,0.0,0.0,0.0
3,0,1,7.0,4984.0,712.0,0-2-1*,3.0,1.0,1.0,1.0,0.0,0.0,0.0,0.0,0.0,0.0,0.0,0.0,0.0,0.0,0.0,0.0
2,0,1,7.0,1232.0,176.0,0-8-1*,3.0,1.0,1.0,0.0,0.0,0.0,0.0,0.0,0.0,1.0,0.0,0.0,0.0,0.0,0.0,0.0
15,0,2,4.0,77.0,19.25,0-2*,2.0,1.0,0.0,1.0,0.0,0.0,0.0,0.0,0.0,0.0,0.0,0.0,0.0,0.0,0.0,0.0
17,0,2,5.0,22965.0,4593.0,0-7-2*,3.0,1.0,0.0,1.0,0.0,0.0,0.0,0.0,1.0,0.0,0.0,0.0,0.0,0.0,0.0,0.0
16,0,2,5.0,4984.0,996.8,0-1-2*,3.0,1.0,1.0,1.0,0.0,0.0,0.0,0.0,0.0,0.0,0.0,0.0,0.0,0.0,0.0,0.0
18,0,2,5.0,2489.0,497.8,0-8-2*,3.0,1.0,0.0,1.0,0.0,0.0,0.0,0.0,0.0,1.0,0.0,0.0,0.0,0.0,0.0,0.0
21,0,2,6.0,8069.0,1344.8333333333333,0-6-8-2*,4.0,1.0,0.0,1.0,0.0,0.0,0.0,1.0,0.0,1.0,0.0,0.0,0.0,0.0,0.0,0.0
65,0,3,3.0,57.0,19.0,0-3*,2.0,1.0,0.0,0.0,1.0,0.0,0.0,0.0,0.0,0.0,0.0,0.0,0.0,0.0,0.0,0.0
66,0,3,4.0,1893.0,473.25,0-8-3*,3.0,1.0,0.0,0.0,1.0,0.0,0.0,0.0,0.0,1.0,0.0,0.0,0.0,0.0,0.0,0.0
68,0,3,5.0,7581.0,1516.2,0-6-8-3*,4.0,1.0,0.0,0.0,1.0,0.0,0.0,1.0,0.0,1.0,0.0,0.0,0.0,0.0,0.0,0.0
67,0,3,5.0,5033.0,1006.6,0-7-3*,3.0,1.0,0.0,0.0,1.0,0.0,0.0,0.0,1.0,0.0,0.0,0.0,0.0,0.0,0.0,0.0
69,0,3,6.0,29367.0,4894.5,0-7-8-3*,4.0,1.0,0.0,0.0,1.0,0.0,0.0,0.0,1.0,1.0,0.0,0.0,0.0,0.0,0.0,0.0
91,0,4,4.0,53.0,13.25,0-4*,2.0,1.0,0.0,0.0,0.0,1.0,0.0,0.0,0.0,0.0,0.0,0.0,0.0,0.0,0.0,0.0
92,0,4,6.0,4506.0,751.0,0-7-4*,3.0,1.0,0.0,0.0,0.0,1.0,0.0,0.0,1.0,0.0,0.0,0.0,0.0,0.0,0.0,0.0
93,0,4,6.0,287.0,47.833333333333336,0-8-4*,3.0,1.0,0.0,0.0,0.0,1.0,0.0,0.0,0.0,1.0,0.0,0.0,0.0,0.0,0.0,0.0
94,0,4,7.0,6477.0,925.2857142857143,0-6-8-4*,4.0,1.0,0.0,0.0,0.0,1.0,0.0,1.0,0.0,1.0,0.0,0.0,0.0,0.0,0.0,0.0
95,0,4,7.0,3875.0,553.5714285714286,0-3-8-4*,4.0,1.0,0.0,0.0,1.0,1.0,0.0,0.0,0.0,1.0,0.0,0.0,0.0,0.0,0.0,0.0
114,0,5,3.0,463.0,154.33333333333334,0-5*,2.0,1.0,0.0,0.0,0.0,0.0,1.0,0.0,0.0,0.0,0.0,0.0,0.0,0.0,0.0,0.0
115,0,5,5.0,9322.0,1864.4,0-7-5*,3.0,1.0,0.0,0.0,0.0,0.0,1.0,0.0,1.0,0.0,0.0,0.0,0.0,0.0,0.0,0.0
116,0,5,5.0,4046.0,809.2,0-8-5*,3.0,1.0,0.0,0.0,0.0,0.0,1.0,0.0,0.0,1.0,0.0,0.0,0.0,0.0,0.0,0.0
117,0,5,6.0,25499.0,4249.833333333333,0-6-8-5*,4.0,1.0,0.0,0.0,0.0,0.0,1.0,1.0,0.0,1.0,0.0,0.0,0.0,0.0,0.0,0.0
118,0,5,6.0,8916.0,1486.0,0-3-8-5*,4.0,1.0,0.0,0.0,1.0,0.0,1.0,0.0,0.0,1.0,0.0,0.0,0.0,0.0,0.0,0.0
137,0,6,2.0,4639.0,2319.5,0-6*,2.0,1.0,0.0,0.0,0.0,0.0,0.0,1.0,0.0,0.0,0.0,0.0,0.0,0.0,0.0,0.0
138,0,6,4.0,16311.0,4077.75,0-7-6*,3.0,1.0,0.0,0.0,0.0,0.0,0.0,1.0,1.0,0.0,0.0,0.0,0.0,0.0,0.0,0.0
139,0,6,5.0,5508.0,1101.6,0-8-6*,3.0,1.0,0.0,0.0,0.0,0.0,0.0,1.0,0.0,1.0,0.0,0.0,0.0,0.0,0.0,0.0
140,0,6,6.0,7581.0,1263.5,0-3-8-6*,4.0,1.0,0.0,0.0,1.0,0.0,0.0,1.0,0.0,1.0,0.0,0.0,0.0,0.0,0.0,0.0
141,0,6,7.0,25660.0,3665.714285714286,0-1-7-6*,4.0,1.0,1.0,0.0,0.0,0.0,0.0,1.0,1.0,0.0,0.0,0.0,0.0,0.0,0.0,0.0
150,0,7,2.0,4124.0,2062.0,0-7*,2.0,1.0,0.0,0.0,0.0,0.0,0.0,0.0,1.0,0.0,0.0,0.0,0.0,0.0,0.0,0.0
151,0,7,4.0,16311.0,4077.75,0-6-7*,3.0,1.0,0.0,0.0,0.0,0.0,0.0,1.0,1.0,0.0,0.0,0.0,0.0,0.0,0.0,0.0
152,0,7,5.0,13072.0,2614.4,0-1-7*,3.0,1.0,1.0,0.0,0.0,0.0,0.0,0.0,1.0,0.0,0.0,0.0,0.0,0.0,0.0,0.0
155,0,7,6.0,26701.0,4450.166666666667,0-8-7*,3.0,1.0,0.0,0.0,0.0,0.0,0.0,0.0,1.0,1.0,0.0,0.0,0.0,0.0,0.0,0.0
154,0,7,6.0,9322.0,1553.6666666666667,0-5-7*,3.0,1.0,0.0,0.0,0.0,0.0,1.0,0.0,1.0,0.0,0.0,0.0,0.0,0.0,0.0,0.0
196,0,8,3.0,79.0,26.333333333333332,0-8*,2.0,1.0,0.0,0.0,0.0,0.0,0.0,0.0,0.0,1.0,0.0,0.0,0.0,0.0,0.0,0.0
197,0,8,4.0,5508.0,1377.0,0-6-8*,3.0,1.0,0.0,0.0,0.0,0.0,0.0,1.0,0.0,1.0,0.0,0.0,0.0,0.0,0.0,0.0
198,0,8,4.0,1893.0,473.25,0-3-8*,3.0,1.0,0.0,0.0,1.0,0.0,0.0,0.0,0.0,1.0,0.0,0.0,0.0,0.0,0.0,0.0
199,0,8,5.0,26701.0,5340.2,0-7-8*,3.0,1.0,0.0,0.0,0.0,0.0,0.0,0.0,1.0,1.0,0.0,0.0,0.0,0.0,0.0,0.0
200,0,8,5.0,4046.0,809.2,0-5-8*,3.0,1.0,0.0,0.0,0.0,0.0,1.0,0.0,0.0,1.0,0.0,0.0,0.0,0.0,0.0,0.0
246,0,9,5.0,0.0,0.0,0-9*,2.0,1.0,0.0,0.0,0.0,0.0,0.0,0.0,0.0,0.0,1.0,0.0,0.0,0.0,0.0,0.0
247,0,9,6.0,4646.0,774.3333333333334,0-6-9*,3.0,1.0,0.0,0.0,0.0,0.0,0.0,1.0,0.0,0.0,1.0,0.0,0.0,0.0,0.0,0.0
248,0,9,6.0,112.0,18.666666666666668,0-3-9*,3.0,1.0,0.0,0.0,1.0,0.0,0.0,0.0,0.0,0.0,1.0,0.0,0.0,0.0,0.0,0.0
249,0,9,7.0,4131.0,590.1428571428571,0-7-9*,3.0,1.0,0.0,0.0,0.0,0.0,0.0,0.0,1.0,0.0,1.0,0.0,0.0,0.0,0.0,0.0
252,0,9,7.0,1954.0,279.14285714285717,0-8-3-9*,4.0,1.0,0.0,0.0,1.0,0.0,0.0,0.0,0.0,1.0,1.0,0.0,0.0,0.0,0.0,0.0
334,1,2,3.0,3877.0,1292.3333333333333,1-2*,2.0,0.0,1.0,1.0,0.0,0.0,0.0,0.0,0.0,0.0,0.0,0.0,0.0,0.0,0.0,0.0
336,1,2,6.0,30559.0,5093.166666666667,1-7-2*,3.0,0.0,1.0,1.0,0.0,0.0,0.0,0.0,1.0,0.0,0.0,0.0,0.0,0.0,0.0,0.0
337,1,2,6.0,6333.0,1055.5,1-8-2*,3.0,0.0,1.0,1.0,0.0,0.0,0.0,0.0,0.0,1.0,0.0,0.0,0.0,0.0,0.0,0.0
335,1,2,6.0,4984.0,830.6666666666666,1-0-2*,3.0,1.0,1.0,1.0,0.0,0.0,0.0,0.0,0.0,0.0,0.0,0.0,0.0,0.0,0.0,0.0
760,1,2,7.0,35790.0,5112.857142857143,1-0-7-2*,4.0,1.0,1.0,1.0,0.0,0.0,0.0,0.0,1.0,0.0,0.0,0.0,0.0,0.0,0.0,0.0
385,1,3,5.0,1908.0,381.6,1-8-3*,3.0,0.0,1.0,0.0,1.0,0.0,0.0,0.0,0.0,1.0,0.0,0.0,0.0,0.0,0.0,0.0
384,1,3,5.0,1115.0,223.0,1-0-3*,3.0,1.0,1.0,0.0,1.0,0.0,0.0,0.0,0.0,0.0,0.0,0.0,0.0,0.0,0.0,0.0
389,1,3,6.0,10028.0,1671.3333333333333,1-2-8-3*,4.0,0.0,1.0,1.0,1.0,0.0,0.0,0.0,0.0,1.0,0.0,0.0,0.0,0.0,0.0,0.0
388,1,3,6.0,8798.0,1466.3333333333333,1-7-3*,3.0,0.0,1.0,0.0,1.0,0.0,0.0,0.0,1.0,0.0,0.0,0.0,0.0,0.0,0.0,0.0
387,1,3,6.0,5815.0,969.1666666666666,1-2-3*,3.0,0.0,1.0,1.0,1.0,0.0,0.0,0.0,0.0,0.0,0.0,0.0,0.0,0.0,0.0,0.0
434,1,4,6.0,1111.0,185.16666666666666,1-0-4*,3.0,1.0,1.0,0.0,0.0,1.0,0.0,0.0,0.0,0.0,0.0,0.0,0.0,0.0,0.0,0.0
436,1,4,7.0,8275.0,1182.142857142857,1-7-4*,3.0,0.0,1.0,0.0,0.0,1.0,0.0,0.0,1.0,0.0,0.0,0.0,0.0,0.0,0.0,0.0
435,1,4,7.0,4094.0,584.8571428571429,1-2-4*,3.0,0.0,1.0,1.0,0.0,1.0,0.0,0.0,0.0,0.0,0.0,0.0,0.0,0.0,0.0,0.0
437,1,4,7.0,306.0,43.714285714285715,1-8-4*,3.0,0.0,1.0,0.0,0.0,1.0,0.0,0.0,0.0,1.0,0.0,0.0,0.0,0.0,0.0,0.0
438,1,4,8.0,13482.0,1685.25,1-0-7-4*,4.0,1.0,1.0,0.0,0.0,1.0,0.0,0.0,1.0,0.0,0.0,0.0,0.0,0.0,0.0,0.0
484,1,5,5.0,1527.0,305.4,1-0-5*,3.0,1.0,1.0,0.0,0.0,0.0,1.0,0.0,0.0,0.0,0.0,0.0,0.0,0.0,0.0,0.0
486,1,5,6.0,12687.0,2114.5,1-7-5*,3.0,0.0,1.0,0.0,0.0,0.0,1.0,0.0,1.0,0.0,0.0,0.0,0.0,0.0,0.0,0.0
485,1,5,6.0,4279.0,713.1666666666666,1-2-5*,3.0,0.0,1.0,1.0,0.0,0.0,1.0,0.0,0.0,0.0,0.0,0.0,0.0,0.0,0.0,0.0
487,1,5,6.0,3661.0,610.1666666666666,1-8-5*,3.0,0.0,1.0,0.0,0.0,0.0,1.0,0.0,0.0,1.0,0.0,0.0,0.0,0.0,0.0,0.0
488,1,5,7.0,18304.0,2614.8571428571427,1-0-7-5*,4.0,1.0,1.0,0.0,0.0,0.0,1.0,0.0,1.0,0.0,0.0,0.0,0.0,0.0,0.0,0.0
534,1,6,4.0,6070.0,1517.5,1-0-6*,3.0,1.0,1.0,0.0,0.0,0.0,0.0,1.0,0.0,0.0,0.0,0.0,0.0,0.0,0.0,0.0
535,1,6,5.0,15867.0,3173.4,1-7-6*,3.0,0.0,1.0,0.0,0.0,0.0,0.0,1.0,1.0,0.0,0.0,0.0,0.0,0.0,0.0,0.0
536,1,6,6.0,25660.0,4276.666666666667,1-0-7-6*,4.0,1.0,1.0,0.0,0.0,0.0,0.0,1.0,1.0,0.0,0.0,0.0,0.0,0.0,0.0,0.0
537,1,6,6.0,1314.0,219.0,1-8-6*,3.0,0.0,1.0,0.0,0.0,0.0,0.0,1.0,0.0,1.0,0.0,0.0,0.0,0.0,0.0,0.0
538,1,6,7.0,25660.0,3665.714285714286,1-7-0-6*,4.0,1.0,1.0,0.0,0.0,0.0,0.0,1.0,1.0,0.0,0.0,0.0,0.0,0.0,0.0,0.0
584,1,7,3.0,7918.0,2639.3333333333335,1-7*,2.0,0.0,1.0,0.0,0.0,0.0,0.0,0.0,1.0,0.0,0.0,0.0,0.0,0.0,0.0,0.0
585,1,7,4.0,13072.0,3268.0,1-0-7*,3.0,1.0,1.0,0.0,0.0,0.0,0.0,0.0,1.0,0.0,0.0,0.0,0.0,0.0,0.0,0.0
586,1,7,6.0,30559.0,5093.166666666667,1-2-7*,3.0,0.0,1.0,1.0,0.0,0.0,0.0,0.0,1.0,0.0,0.0,0.0,0.0,0.0,0.0,0.0
587,1,7,6.0,25660.0,4276.666666666667,1-0-6-7*,4.0,1.0,1.0,0.0,0.0,0.0,0.0,1.0,1.0,0.0,0.0,0.0,0.0,0.0,0.0,0.0
588,1,7,7.0,30539.0,4362.714285714285,1-8-7*,3.0,0.0,1.0,0.0,0.0,0.0,0.0,0.0,1.0,1.0,0.0,0.0,0.0,0.0,0.0,0.0
634,1,8,4.0,123.0,30.75,1-8*,2.0,0.0,1.0,0.0,0.0,0.0,0.0,0.0,0.0,1.0,0.0,0.0,0.0,0.0,0.0,0.0
636,1,8,5.0,6333.0,1266.6,1-2-8*,3.0,0.0,1.0,1.0,0.0,0.0,0.0,0.0,0.0,1.0,0.0,0.0,0.0,0.0,0.0,0.0
635,1,8,5.0,1232.0,246.4,1-0-8*,3.0,1.0,1.0,0.0,0.0,0.0,0.0,0.0,0.0,1.0,0.0,0.0,0.0,0.0,0.0,0.0
638,1,8,6.0,30539.0,5089.833333333333,1-7-8*,3.0,0.0,1.0,0.0,0.0,0.0,0.0,0.0,1.0,1.0,0.0,0.0,0.0,0.0,0.0,0.0
637,1,8,6.0,7062.0,1177.0,1-0-6-8*,4.0,1.0,1.0,0.0,0.0,0.0,0.0,1.0,0.0,1.0,0.0,0.0,0.0,0.0,0.0,0.0
684,1,9,6.0,0.0,0.0,1-9*,2.0,0.0,1.0,0.0,0.0,0.0,0.0,0.0,0.0,0.0,1.0,0.0,0.0,0.0,0.0,0.0
685,1,9,7.0,1030.0,147.14285714285714,1-0-9*,3.0,1.0,1.0,0.0,0.0,0.0,0.0,0.0,0.0,0.0,1.0,0.0,0.0,0.0,0.0,0.0
688,1,9,8.0,7925.0,990.625,1-7-9*,3.0,0.0,1.0,0.0,0.0,0.0,0.0,0.0,1.0,0.0,1.0,0.0,0.0,0.0,0.0,0.0
687,1,9,8.0,6077.0,759.625,1-0-6-9*,4.0,1.0,1.0,0.0,0.0,0.0,0.0,1.0,0.0,0.0,1.0,0.0,0.0,0.0,0.0,0.0
686,1,9,8.0,3906.0,488.25,1-2-9*,3.0,0.0,1.0,1.0,0.0,0.0,0.0,0.0,0.0,0.0,1.0,0.0,0.0,0.0,0.0,0.0
783,2,3,3.0,6000.0,2000.0,2-8-3*,3.0,0.0,0.0,1.0,1.0,0.0,0.0,0.0,0.0,1.0,0.0,0.0,0.0,0.0,0.0,0.0
782,2,3,3.0,1910.0,636.6666666666666,2-3*,2.0,0.0,0.0,1.0,1.0,0.0,0.0,0.0,0.0,0.0,0.0,0.0,0.0,0.0,0.0,0.0
784,2,3,6.0,21526.0,3587.6666666666665,2-7-3*,3.0,0.0,0.0,1.0,1.0,0.0,0.0,0.0,1.0,0.0,0.0,0.0,0.0,0.0,0.0,0.0
785,2,3,6.0,12928.0,2154.6666666666665,2-5-8-3*,4.0,0.0,0.0,1.0,1.0,0.0,1.0,0.0,0.0,1.0,0.0,0.0,0.0,0.0,0.0,0.0
786,2,3,7.0,48114.0,6873.428571428572,2-7-8-3*,4.0,0.0,0.0,1.0,1.0,0.0,0.0,0.0,1.0,1.0,0.0,0.0,0.0,0.0,0.0,0.0
832,2,4,4.0,189.0,47.25,2-4*,2.0,0.0,0.0,1.0,0.0,1.0,0.0,0.0,0.0,0.0,0.0,0.0,0.0,0.0,0.0,0.0
833,2,4,5.0,2677.0,535.4,2-8-4*,3.0,0.0,0.0,1.0,0.0,1.0,0.0,0.0,0.0,1.0,0.0,0.0,0.0,0.0,0.0,0.0
834,2,4,7.0,19282.0,2754.5714285714284,2-7-4*,3.0,0.0,0.0,1.0,0.0,1.0,0.0,0.0,1.0,0.0,0.0,0.0,0.0,0.0,0.0,0.0
835,2,4,7.0,8118.0,1159.7142857142858,2-3-8-4*,4.0,0.0,0.0,1.0,1.0,1.0,0.0,0.0,0.0,1.0,0.0,0.0,0.0,0.0,0.0,0.0
837,2,4,8.0,9423.0,1177.875,2-5-8-4*,4.0,0.0,0.0,1.0,0.0,1.0,1.0,0.0,0.0,1.0,0.0,0.0,0.0,0.0,0.0,0.0
877,2,5,3.0,368.0,122.66666666666667,2-5*,2.0,0.0,0.0,1.0,0.0,0.0,1.0,0.0,0.0,0.0,0.0,0.0,0.0,0.0,0.0,0.0
878,2,5,4.0,6205.0,1551.25,2-8-5*,3.0,0.0,0.0,1.0,0.0,0.0,1.0,0.0,0.0,1.0,0.0,0.0,0.0,0.0,0.0,0.0
879,2,5,6.0,23867.0,3977.8333333333335,2-7-5*,3.0,0.0,0.0,1.0,0.0,0.0,1.0,0.0,1.0,0.0,0.0,0.0,0.0,0.0,0.0,0.0
880,2,5,6.0,12928.0,2154.6666666666665,2-3-8-5*,4.0,0.0,0.0,1.0,1.0,0.0,1.0,0.0,0.0,1.0,0.0,0.0,0.0,0.0,0.0,0.0
881,2,5,7.0,908.0,129.71428571428572,2-0-5*,3.0,1.0,0.0,1.0,0.0,0.0,1.0,0.0,0.0,0.0,0.0,0.0,0.0,0.0,0.0,0.0
923,2,6,4.0,3274.0,818.5,2-8-6*,3.0,0.0,0.0,1.0,0.0,0.0,0.0,1.0,0.0,1.0,0.0,0.0,0.0,0.0,0.0,0.0
922,2,6,4.0,151.0,37.75,2-6*,2.0,0.0,0.0,1.0,0.0,0.0,0.0,1.0,0.0,0.0,0.0,0.0,0.0,0.0,0.0,0.0
924,2,6,5.0,26463.0,5292.6,2-7-6*,3.0,0.0,0.0,1.0,0.0,0.0,0.0,1.0,1.0,0.0,0.0,0.0,0.0,0.0,0.0,0.0
926,2,6,6.0,7200.0,1200.0,2-3-8-6*,4.0,0.0,0.0,1.0,1.0,0.0,0.0,1.0,0.0,1.0,0.0,0.0,0.0,0.0,0.0,0.0
925,2,6,6.0,4867.0,811.1666666666666,2-0-6*,3.0,1.0,0.0,1.0,0.0,0.0,0.0,1.0,0.0,0.0,0.0,0.0,0.0,0.0,0.0,0.0
972,2,7,3.0,18764.0,6254.666666666667,2-7*,2.0,0.0,0.0,1.0,0.0,0.0,0.0,0.0,1.0,0.0,0.0,0.0,0.0,0.0,0.0,0.0
973,2,7,5.0,43595.0,8719.0,2-8-7*,3.0,0.0,0.0,1.0,0.0,0.0,0.0,0.0,1.0,1.0,0.0,0.0,0.0,0.0,0.0,0.0
977,2,7,6.0,52084.0,8680.666666666666,2-8-6-7*,4.0,0.0,0.0,1.0,0.0,0.0,0.0,1.0,1.0,1.0,0.0,0.0,0.0,0.0,0.0,0.0
975,2,7,6.0,48114.0,8019.0,2-8-3-7*,4.0,0.0,0.0,1.0,1.0,0.0,0.0,0.0,1.0,1.0,0.0,0.0,0.0,0.0,0.0,0.0
974,2,7,6.0,30559.0,5093.166666666667,2-1-7*,3.0,0.0,1.0,1.0,0.0,0.0,0.0,0.0,1.0,0.0,0.0,0.0,0.0,0.0,0.0,0.0
1022,2,8,2.0,2333.0,1166.5,2-8*,2.0,0.0,0.0,1.0,0.0,0.0,0.0,0.0,0.0,1.0,0.0,0.0,0.0,0.0,0.0,0.0
1023,2,8,4.0,6000.0,1500.0,2-3-8*,3.0,0.0,0.0,1.0,1.0,0.0,0.0,0.0,0.0,1.0,0.0,0.0,0.0,0.0,0.0,0.0
1024,2,8,5.0,6205.0,1241.0,2-5-8*,3.0,0.0,0.0,1.0,0.0,0.0,1.0,0.0,0.0,1.0,0.0,0.0,0.0,0.0,0.0,0.0
1025,2,8,6.0,43595.0,7265.833333333333,2-7-8*,3.0,0.0,0.0,1.0,0.0,0.0,0.0,0.0,1.0,1.0,0.0,0.0,0.0,0.0,0.0,0.0
1026,2,8,6.0,3274.0,545.6666666666666,2-6-8*,3.0,0.0,0.0,1.0,0.0,0.0,0.0,1.0,0.0,1.0,0.0,0.0,0.0,0.0,0.0,0.0
1059,2,9,5.0,29.0,5.8,2-9*,2.0,0.0,0.0,1.0,0.0,0.0,0.0,0.0,0.0,0.0,1.0,0.0,0.0,0.0,0.0,0.0
1062,2,9,6.0,6090.0,1015.0,2-8-3-9*,4.0,0.0,0.0,1.0,1.0,0.0,0.0,0.0,0.0,1.0,1.0,0.0,0.0,0.0,0.0,0.0
1060,2,9,6.0,2368.0,394.6666666666667,2-8-9*,3.0,0.0,0.0,1.0,0.0,0.0,0.0,0.0,0.0,1.0,1.0,0.0,0.0,0.0,0.0,0.0
1061,2,9,6.0,1994.0,332.3333333333333,2-3-9*,3.0,0.0,0.0,1.0,1.0,0.0,0.0,0.0,0.0,0.0,1.0,0.0,0.0,0.0,0.0,0.0
1063,2,9,7.0,425.0,60.714285714285715,2-5-9*,3.0,0.0,0.0,1.0,0.0,0.0,1.0,0.0,0.0,0.0,1.0,0.0,0.0,0.0,0.0,0.0
1151,3,4,4.0,3686.0,921.5,3-8-4*,3.0,0.0,0.0,0.0,1.0,1.0,0.0,0.0,0.0,1.0,0.0,0.0,0.0,0.0,0.0,0.0
1153,3,4,7.0,8118.0,1159.7142857142858,3-8-2-4*,4.0,0.0,0.0,1.0,1.0,1.0,0.0,0.0,0.0,1.0,0.0,0.0,0.0,0.0,0.0,0.0
1154,3,4,7.0,3873.0,553.2857142857143,3-2-4*,3.0,0.0,0.0,1.0,1.0,1.0,0.0,0.0,0.0,0.0,0.0,0.0,0.0,0.0,0.0,0.0
1155,3,4,7.0,2955.0,422.14285714285717,3-7-4*,3.0,0.0,0.0,0.0,1.0,1.0,0.0,0.0,1.0,0.0,0.0,0.0,0.0,0.0,0.0,0.0
1156,3,4,7.0,2291.0,327.2857142857143,3-9-4*,3.0,0.0,0.0,0.0,1.0,1.0,0.0,0.0,0.0,0.0,1.0,0.0,0.0,0.0,0.0,0.0
1186,3,5,3.0,8317.0,2772.3333333333335,3-8-5*,3.0,0.0,0.0,0.0,1.0,0.0,1.0,0.0,0.0,1.0,0.0,0.0,0.0,0.0,0.0,0.0
1188,3,5,6.0,12928.0,2154.6666666666665,3-8-2-5*,4.0,0.0,0.0,1.0,1.0,0.0,1.0,0.0,0.0,1.0,0.0,0.0,0.0,0.0,0.0,0.0
1190,3,5,6.0,8643.0,1440.5,3-7-5*,3.0,0.0,0.0,0.0,1.0,0.0,1.0,0.0,1.0,0.0,0.0,0.0,0.0,0.0,0.0,0.0
1189,3,5,6.0,5334.0,889.0,3-2-5*,3.0,0.0,0.0,1.0,1.0,0.0,1.0,0.0,0.0,0.0,0.0,0.0,0.0,0.0,0.0,0.0
1187,3,5,6.0,3576.0,596.0,3-0-5*,3.0,1.0,0.0,0.0,1.0,0.0,1.0,0.0,0.0,0.0,0.0,0.0,0.0,0.0,0.0,0.0
1221,3,6,3.0,2806.0,935.3333333333334,3-8-6*,3.0,0.0,0.0,0.0,1.0,0.0,0.0,1.0,0.0,1.0,0.0,0.0,0.0,0.0,0.0,0.0
1223,3,6,5.0,8659.0,1731.8,3-7-6*,3.0,0.0,0.0,0.0,1.0,0.0,0.0,1.0,1.0,0.0,0.0,0.0,0.0,0.0,0.0,0.0
1222,3,6,5.0,4955.0,991.0,3-0-6*,3.0,1.0,0.0,0.0,1.0,0.0,0.0,1.0,0.0,0.0,0.0,0.0,0.0,0.0,0.0,0.0
1225,3,6,6.0,33704.0,5617.333333333333,3-8-7-6*,4.0,0.0,0.0,0.0,1.0,0.0,0.0,1.0,1.0,1.0,0.0,0.0,0.0,0.0,0.0,0.0
1224,3,6,6.0,7581.0,1263.5,3-8-0-6*,4.0,1.0,0.0,0.0,1.0,0.0,0.0,1.0,0.0,1.0,0.0,0.0,0.0,0.0,0.0,0.0
1254,3,7,3.0,852.0,284.0,3-7*,2.0,0.0,0.0,0.0,1.0,0.0,0.0,0.0,1.0,0.0,0.0,0.0,0.0,0.0,0.0,0.0
1255,3,7,4.0,25107.0,6276.75,3-8-7*,3.0,0.0,0.0,0.0,1.0,0.0,0.0,0.0,1.0,1.0,0.0,0.0,0.0,0.0,0.0,0.0
2293,3,7,5.0,33704.0,6740.8,3-8-6-7*,4.0,0.0,0.0,0.0,1.0,0.0,0.0,1.0,1.0,1.0,0.0,0.0,0.0,0.0,0.0,0.0
1256,3,7,5.0,5033.0,1006.6,3-0-7*,3.0,1.0,0.0,0.0,1.0,0.0,0.0,0.0,1.0,0.0,0.0,0.0,0.0,0.0,0.0,0.0
2296,3,7,6.0,48114.0,8019.0,3-8-2-7*,4.0,0.0,0.0,1.0,1.0,0.0,0.0,0.0,1.0,1.0,0.0,0.0,0.0,0.0,0.0,0.0
1265,3,8,1.0,1757.0,1757.0,3-8*,2.0,0.0,0.0,0.0,1.0,0.0,0.0,0.0,0.0,1.0,0.0,0.0,0.0,0.0,0.0,0.0
1266,3,8,5.0,6000.0,1200.0,3-2-8*,3.0,0.0,0.0,1.0,1.0,0.0,0.0,0.0,0.0,1.0,0.0,0.0,0.0,0.0,0.0,0.0
1267,3,8,6.0,1893.0,315.5,3-0-8*,3.0,1.0,0.0,0.0,1.0,0.0,0.0,0.0,0.0,1.0,0.0,0.0,0.0,0.0,0.0,0.0
1270,3,8,7.0,1818.0,259.7142857142857,3-9-8*,3.0,0.0,0.0,0.0,1.0,0.0,0.0,0.0,0.0,1.0,1.0,0.0,0.0,0.0,0.0,0.0
2511,3,8,9.0,3074.0,341.55555555555554,3-0-1-8*,4.0,1.0,1.0,0.0,1.0,0.0,0.0,0.0,0.0,1.0,0.0,0.0,0.0,0.0,0.0,0.0
1273,3,9,3.0,55.0,18.333333333333332,3-9*,2.0,0.0,0.0,0.0,1.0,0.0,0.0,0.0,0.0,0.0,1.0,0.0,0.0,0.0,0.0,0.0
1274,3,9,5.0,1818.0,363.6,3-8-9*,3.0,0.0,0.0,0.0,1.0,0.0,0.0,0.0,0.0,1.0,1.0,0.0,0.0,0.0,0.0,0.0
2626,3,9,7.0,8406.0,1200.857142857143,3-8-5-9*,4.0,0.0,0.0,0.0,1.0,0.0,1.0,0.0,0.0,1.0,1.0,0.0,0.0,0.0,0.0,0.0
2627,3,9,7.0,2874.0,410.57142857142856,3-8-6-9*,4.0,0.0,0.0,0.0,1.0,0.0,0.0,1.0,0.0,1.0,1.0,0.0,0.0,0.0,0.0,0.0
2628,3,9,8.0,6090.0,761.25,3-8-2-9*,4.0,0.0,0.0,1.0,1.0,0.0,0.0,0.0,0.0,1.0,1.0,0.0,0.0,0.0,0.0,0.0
1406,4,5,5.0,6533.0,1306.6,4-8-5*,3.0,0.0,0.0,0.0,0.0,1.0,1.0,0.0,0.0,1.0,0.0,0.0,0.0,0.0,0.0,0.0
1409,4,5,7.0,7938.0,1134.0,4-7-5*,3.0,0.0,0.0,0.0,0.0,1.0,1.0,0.0,1.0,0.0,0.0,0.0,0.0,0.0,0.0,0.0
1408,4,5,7.0,3431.0,490.14285714285717,4-2-5*,3.0,0.0,0.0,1.0,0.0,1.0,1.0,0.0,0.0,0.0,0.0,0.0,0.0,0.0,0.0,0.0
1407,4,5,7.0,3390.0,484.2857142857143,4-0-5*,3.0,1.0,0.0,0.0,0.0,1.0,1.0,0.0,0.0,0.0,0.0,0.0,0.0,0.0,0.0,0.0
1410,4,5,8.0,9423.0,1177.875,4-8-2-5*,4.0,0.0,0.0,1.0,0.0,1.0,1.0,0.0,0.0,1.0,0.0,0.0,0.0,0.0,0.0,0.0
1456,4,6,5.0,1706.0,341.2,4-8-6*,3.0,0.0,0.0,0.0,0.0,1.0,0.0,1.0,0.0,1.0,0.0,0.0,0.0,0.0,0.0,0.0
1458,4,6,6.0,8638.0,1439.6666666666667,4-7-6*,3.0,0.0,0.0,0.0,0.0,1.0,0.0,1.0,1.0,0.0,0.0,0.0,0.0,0.0,0.0,0.0
1457,4,6,6.0,5453.0,908.8333333333334,4-0-6*,3.0,1.0,0.0,0.0,0.0,1.0,0.0,1.0,0.0,0.0,0.0,0.0,0.0,0.0,0.0,0.0
1463,4,6,8.0,32081.0,4010.125,4-8-7-6*,4.0,0.0,0.0,0.0,0.0,1.0,0.0,1.0,1.0,1.0,0.0,0.0,0.0,0.0,0.0,0.0
1460,4,6,8.0,17454.0,2181.75,4-0-7-6*,4.0,1.0,0.0,0.0,0.0,1.0,0.0,1.0,1.0,0.0,0.0,0.0,0.0,0.0,0.0,0.0
1506,4,7,4.0,329.0,82.25,4-7*,2.0,0.0,0.0,0.0,0.0,1.0,0.0,0.0,1.0,0.0,0.0,0.0,0.0,0.0,0.0,0.0
1507,4,7,6.0,22982.0,3830.3333333333335,4-8-7*,3.0,0.0,0.0,0.0,0.0,1.0,0.0,0.0,1.0,1.0,0.0,0.0,0.0,0.0,0.0,0.0
1508,4,7,6.0,4506.0,751.0,4-0-7*,3.0,1.0,0.0,0.0,0.0,1.0,0.0,0.0,1.0,0.0,0.0,0.0,0.0,0.0,0.0,0.0
1511,4,7,7.0,32081.0,4583.0,4-8-6-7*,4.0,0.0,0.0,0.0,0.0,1.0,0.0,1.0,1.0,1.0,0.0,0.0,0.0,0.0,0.0,0.0
1509,4,7,7.0,27365.0,3909.285714285714,4-8-3-7*,4.0,0.0,0.0,0.0,1.0,1.0,0.0,0.0,1.0,1.0,0.0,0.0,0.0,0.0,0.0,0.0
1556,4,8,3.0,155.0,51.666666666666664,4-8*,2.0,0.0,0.0,0.0,0.0,1.0,0.0,0.0,0.0,1.0,0.0,0.0,0.0,0.0,0.0,0.0
1557,4,8,6.0,2677.0,446.1666666666667,4-2-8*,3.0,0.0,0.0,1.0,0.0,1.0,0.0,0.0,0.0,1.0,0.0,0.0,0.0,0.0,0.0,0.0
1559,4,8,7.0,22982.0,3283.1428571428573,4-7-8*,3.0,0.0,0.0,0.0,0.0,1.0,0.0,0.0,1.0,1.0,0.0,0.0,0.0,0.0,0.0,0.0
1558,4,8,7.0,287.0,41.0,4-0-8*,3.0,1.0,0.0,0.0,0.0,1.0,0.0,0.0,0.0,1.0,0.0,0.0,0.0,0.0,0.0,0.0
1563,4,8,8.0,32081.0,4010.125,4-7-6-8*,4.0,0.0,0.0,0.0,0.0,1.0,0.0,1.0,1.0,1.0,0.0,0.0,0.0,0.0,0.0,0.0
1606,4,9,4.0,462.0,115.5,4-9*,2.0,0.0,0.0,0.0,0.0,1.0,0.0,0.0,0.0,0.0,1.0,0.0,0.0,0.0,0.0,0.0
1608,4,9,7.0,4209.0,601.2857142857143,4-8-3-9*,4.0,0.0,0.0,0.0,1.0,1.0,0.0,0.0,0.0,1.0,1.0,0.0,0.0,0.0,0.0,0.0
1607,4,9,7.0,623.0,89.0,4-8-9*,3.0,0.0,0.0,0.0,0.0,1.0,0.0,0.0,0.0,1.0,1.0,0.0,0.0,0.0,0.0,0.0
1610,4,9,9.0,7029.0,781.0,4-8-5-9*,4.0,0.0,0.0,0.0,0.0,1.0,1.0,0.0,0.0,1.0,1.0,0.0,0.0,0.0,0.0,0.0
1612,4,9,9.0,2181.0,242.33333333333334,4-8-6-9*,4.0,0.0,0.0,0.0,0.0,1.0,0.0,1.0,0.0,1.0,1.0,0.0,0.0,0.0,0.0,0.0
1810,5,6,4.0,20318.0,5079.5,5-8-6*,3.0,0.0,0.0,0.0,0.0,0.0,1.0,1.0,0.0,1.0,0.0,0.0,0.0,0.0,0.0,0.0
1812,5,6,5.0,28307.0,5661.4,5-7-6*,3.0,0.0,0.0,0.0,0.0,0.0,1.0,1.0,1.0,0.0,0.0,0.0,0.0,0.0,0.0,0.0
1811,5,6,5.0,21126.0,4225.2,5-0-6*,3.0,1.0,0.0,0.0,0.0,0.0,1.0,1.0,0.0,0.0,0.0,0.0,0.0,0.0,0.0,0.0
1817,5,6,7.0,55099.0,7871.285714285715,5-8-7-6*,4.0,0.0,0.0,0.0,0.0,0.0,1.0,1.0,1.0,1.0,0.0,0.0,0.0,0.0,0.0,0.0
1814,5,6,7.0,37533.0,5361.857142857143,5-0-7-6*,4.0,1.0,0.0,0.0,0.0,0.0,1.0,1.0,1.0,0.0,0.0,0.0,0.0,0.0,0.0,0.0
1860,5,7,3.0,4735.0,1578.3333333333333,5-7*,2.0,0.0,0.0,0.0,0.0,0.0,1.0,0.0,1.0,0.0,0.0,0.0,0.0,0.0,0.0,0.0
1861,5,7,5.0,30737.0,6147.4,5-8-7*,3.0,0.0,0.0,0.0,0.0,0.0,1.0,0.0,1.0,1.0,0.0,0.0,0.0,0.0,0.0,0.0
1862,5,7,5.0,9322.0,1864.4,5-0-7*,3.0,1.0,0.0,0.0,0.0,0.0,1.0,0.0,1.0,0.0,0.0,0.0,0.0,0.0,0.0,0.0
1865,5,7,6.0,55099.0,9183.166666666666,5-8-6-7*,4.0,0.0,0.0,0.0,0.0,0.0,1.0,1.0,1.0,1.0,0.0,0.0,0.0,0.0,0.0,0.0
1863,5,7,6.0,36402.0,6067.0,5-8-3-7*,4.0,0.0,0.0,0.0,1.0,0.0,1.0,0.0,1.0,1.0,0.0,0.0,0.0,0.0,0.0,0.0
1907,5,8,2.0,3504.0,1752.0,5-8*,2.0,0.0,0.0,0.0,0.0,0.0,1.0,0.0,0.0,1.0,0.0,0.0,0.0,0.0,0.0,0.0
1908,5,8,5.0,6205.0,1241.0,5-2-8*,3.0,0.0,0.0,1.0,0.0,0.0,1.0,0.0,0.0,1.0,0.0,0.0,0.0,0.0,0.0,0.0
1910,5,8,6.0,30737.0,5122.833333333333,5-7-8*,3.0,0.0,0.0,0.0,0.0,0.0,1.0,0.0,1.0,1.0,0.0,0.0,0.0,0.0,0.0,0.0
1909,5,8,6.0,4046.0,674.3333333333334,5-0-8*,3.0,1.0,0.0,0.0,0.0,0.0,1.0,0.0,0.0,1.0,0.0,0.0,0.0,0.0,0.0,0.0
1913,5,8,7.0,55099.0,7871.285714285715,5-7-6-8*,4.0,0.0,0.0,0.0,0.0,0.0,1.0,1.0,1.0,1.0,0.0,0.0,0.0,0.0,0.0,0.0
1939,5,9,4.0,28.0,7.0,5-9*,2.0,0.0,0.0,0.0,0.0,0.0,1.0,0.0,0.0,0.0,1.0,0.0,0.0,0.0,0.0,0.0
1941,5,9,6.0,8406.0,1401.0,5-8-3-9*,4.0,0.0,0.0,0.0,1.0,0.0,1.0,0.0,0.0,1.0,1.0,0.0,0.0,0.0,0.0,0.0
1940,5,9,6.0,3538.0,589.6666666666666,5-8-9*,3.0,0.0,0.0,0.0,0.0,0.0,1.0,0.0,0.0,1.0,1.0,0.0,0.0,0.0,0.0,0.0
2681,5,9,8.0,20359.0,2544.875,5-8-6-9*,4.0,0.0,0.0,0.0,0.0,0.0,1.0,1.0,0.0,1.0,1.0,0.0,0.0,0.0,0.0,0.0
1944,5,9,8.0,4770.0,596.25,5-7-9*,3.0,0.0,0.0,0.0,0.0,0.0,1.0,0.0,1.0,0.0,1.0,0.0,0.0,0.0,0.0,0.0
2155,6,7,2.0,7548.0,3774.0,6-7*,2.0,0.0,0.0,0.0,0.0,0.0,0.0,1.0,1.0,0.0,0.0,0.0,0.0,0.0,0.0,0.0
2156,6,7,4.0,16311.0,4077.75,6-0-7*,3.0,1.0,0.0,0.0,0.0,0.0,0.0,1.0,1.0,0.0,0.0,0.0,0.0,0.0,0.0,0.0
2157,6,7,5.0,30836.0,6167.2,6-8-7*,3.0,0.0,0.0,0.0,0.0,0.0,0.0,1.0,1.0,1.0,0.0,0.0,0.0,0.0,0.0,0.0
2158,6,7,6.0,33704.0,5617.333333333333,6-8-3-7*,4.0,0.0,0.0,0.0,1.0,0.0,0.0,1.0,1.0,1.0,0.0,0.0,0.0,0.0,0.0,0.0
2376,6,7,7.0,55099.0,7871.285714285715,6-8-5-7*,4.0,0.0,0.0,0.0,0.0,0.0,1.0,1.0,1.0,1.0,0.0,0.0,0.0,0.0,0.0,0.0
2180,6,8,2.0,790.0,395.0,6-8*,2.0,0.0,0.0,0.0,0.0,0.0,0.0,1.0,0.0,1.0,0.0,0.0,0.0,0.0,0.0,0.0
2182,6,8,5.0,30836.0,6167.2,6-7-8*,3.0,0.0,0.0,0.0,0.0,0.0,0.0,1.0,1.0,1.0,0.0,0.0,0.0,0.0,0.0,0.0
2181,6,8,5.0,5508.0,1101.6,6-0-8*,3.0,1.0,0.0,0.0,0.0,0.0,0.0,1.0,0.0,1.0,0.0,0.0,0.0,0.0,0.0,0.0
2523,6,8,6.0,7581.0,1263.5,6-0-3-8*,4.0,1.0,0.0,0.0,1.0,0.0,0.0,1.0,0.0,1.0,0.0,0.0,0.0,0.0,0.0,0.0
2183,6,8,6.0,3274.0,545.6666666666666,6-2-8*,3.0,0.0,0.0,1.0,0.0,0.0,0.0,1.0,0.0,1.0,0.0,0.0,0.0,0.0,0.0,0.0
2197,6,9,4.0,7.0,1.75,6-9*,2.0,0.0,0.0,0.0,0.0,0.0,0.0,1.0,0.0,0.0,1.0,0.0,0.0,0.0,0.0,0.0
2199,6,9,6.0,2874.0,479.0,6-8-3-9*,4.0,0.0,0.0,0.0,1.0,0.0,0.0,1.0,0.0,1.0,1.0,0.0,0.0,0.0,0.0,0.0
2198,6,9,6.0,803.0,133.83333333333334,6-8-9*,3.0,0.0,0.0,0.0,0.0,0.0,0.0,1.0,0.0,1.0,1.0,0.0,0.0,0.0,0.0,0.0
2201,6,9,7.0,7562.0,1080.2857142857142,6-7-9*,3.0,0.0,0.0,0.0,0.0,0.0,0.0,1.0,1.0,0.0,1.0,0.0,0.0,0.0,0.0,0.0
2200,6,9,7.0,4646.0,663.7142857142857,6-0-9*,3.0,1.0,0.0,0.0,0.0,0.0,0.0,1.0,0.0,0.0,1.0,0.0,0.0,0.0,0.0,0.0
2392,7,8,3.0,22498.0,7499.333333333333,7-8*,2.0,0.0,0.0,0.0,0.0,0.0,0.0,0.0,1.0,1.0,0.0,0.0,0.0,0.0,0.0,0.0
2393,7,8,4.0,30836.0,7709.0,7-6-8*,3.0,0.0,0.0,0.0,0.0,0.0,0.0,1.0,1.0,1.0,0.0,0.0,0.0,0.0,0.0,0.0
2394,7,8,4.0,25107.0,6276.75,7-3-8*,3.0,0.0,0.0,0.0,1.0,0.0,0.0,0.0,1.0,1.0,0.0,0.0,0.0,0.0,0.0,0.0
2396,7,8,5.0,43595.0,8719.0,7-2-8*,3.0,0.0,0.0,1.0,0.0,0.0,0.0,0.0,1.0,1.0,0.0,0.0,0.0,0.0,0.0,0.0
2397,7,8,5.0,30737.0,6147.4,7-5-8*,3.0,0.0,0.0,0.0,0.0,0.0,1.0,0.0,1.0,1.0,0.0,0.0,0.0,0.0,0.0,0.0
2442,7,9,5.0,7.0,1.4,7-9*,2.0,0.0,0.0,0.0,0.0,0.0,0.0,0.0,1.0,0.0,1.0,0.0,0.0,0.0,0.0,0.0
2443,7,9,6.0,7562.0,1260.3333333333333,7-6-9*,3.0,0.0,0.0,0.0,0.0,0.0,0.0,1.0,1.0,0.0,1.0,0.0,0.0,0.0,0.0,0.0
2444,7,9,6.0,914.0,152.33333333333334,7-3-9*,3.0,0.0,0.0,0.0,1.0,0.0,0.0,0.0,1.0,0.0,1.0,0.0,0.0,0.0,0.0,0.0
2448,7,9,7.0,25175.0,3596.4285714285716,7-8-3-9*,4.0,0.0,0.0,0.0,1.0,0.0,0.0,0.0,1.0,1.0,1.0,0.0,0.0,0.0,0.0,0.0
2447,7,9,7.0,22511.0,3215.8571428571427,7-8-9*,3.0,0.0,0.0,0.0,0.0,0.0,0.0,0.0,1.0,1.0,1.0,0.0,0.0,0.0,0.0,0.0
2543,8,9,4.0,1818.0,454.5,8-3-9*,3.0,0.0,0.0,0.0,1.0,0.0,0.0,0.0,0.0,1.0,1.0,0.0,0.0,0.0,0.0,0.0
2542,8,9,4.0,6.0,1.5,8-9*,2.0,0.0,0.0,0.0,0.0,0.0,0.0,0.0,0.0,1.0,1.0,0.0,0.0,0.0,0.0,0.0
2544,8,9,6.0,3538.0,589.6666666666666,8-5-9*,3.0,0.0,0.0,0.0,0.0,0.0,1.0,0.0,0.0,1.0,1.0,0.0,0.0,0.0,0.0,0.0
2545,8,9,6.0,803.0,133.83333333333334,8-6-9*,3.0,0.0,0.0,0.0,0.0,0.0,0.0,1.0,0.0,1.0,1.0,0.0,0.0,0.0,0.0,0.0
2546,8,9,7.0,2368.0,338.2857142857143,8-2-9*,3.0,0.0,0.0,1.0,0.0,0.0,0.0,0.0,0.0,1.0,1.0,0.0,0.0,0.0,0.0,0.0
