,Source,Target,Travel_time,Demand,Demand_per_minute,Routes,|V|,v_0,v_1,v_2,v_3,v_4,v_5,v_6,v_7,v_8,v_9
301,0,1,11.0,74352.0,6759.272727272727,0-7-6-8-2-1*,6.0,1.0,1.0,1.0,0.0,0.0,0.0,1.0,1.0,1.0,0.0
303,0,1,12.0,74352.0,6196.0,0-6-7-8-2-1*,6.0,1.0,1.0,1.0,0.0,0.0,0.0,1.0,1.0,1.0,0.0
300,0,1,10.0,60823.0,6082.3,0-7-8-2-1*,5.0,1.0,1.0,1.0,0.0,0.0,0.0,0.0,1.0,1.0,0.0
324,0,1,16.0,49170.0,3073.125,0-7-6-8-9-1*,6.0,1.0,1.0,0.0,0.0,0.0,0.0,1.0,1.0,1.0,1.0
332,0,1,17.0,49170.0,2892.3529411764707,0-6-7-8-9-1*,6.0,1.0,1.0,0.0,0.0,0.0,0.0,1.0,1.0,1.0,1.0
751,0,2,11.0,86097.0,7827.0,0-7-6-8-5-2*,6.0,1.0,0.0,1.0,0.0,0.0,1.0,1.0,1.0,1.0,0.0
51,0,2,12.0,86097.0,7174.75,0-6-7-8-5-2*,6.0,1.0,0.0,1.0,0.0,0.0,1.0,1.0,1.0,1.0,0.0
43,0,2,11.0,65838.0,5985.272727272727,0-6-7-8-3-2*,6.0,1.0,0.0,1.0,1.0,0.0,0.0,1.0,1.0,1.0,0.0
54,0,2,13.0,64577.0,4967.461538461538,0-5-7-8-3-2*,6.0,1.0,0.0,1.0,1.0,0.0,1.0,0.0,1.0,1.0,0.0
735,0,2,8.0,61003.0,7625.375,0-7-6-8-2*,5.0,1.0,0.0,1.0,0.0,0.0,0.0,1.0,1.0,1.0,0.0
78,0,3,10.0,52451.0,5245.1,0-7-8-2-3*,5.0,1.0,0.0,1.0,1.0,0.0,0.0,0.0,1.0,1.0,0.0
84,0,3,11.0,52451.0,4768.272727272727,0-2-7-8-3*,5.0,1.0,0.0,1.0,1.0,0.0,0.0,0.0,1.0,1.0,0.0
1116,0,3,13.0,51635.0,3971.923076923077,0-6-7-1-2-3*,6.0,1.0,1.0,1.0,1.0,0.0,0.0,1.0,1.0,0.0,0.0
1114,0,3,11.0,38637.0,3512.4545454545455,0-7-1-2-3*,5.0,1.0,1.0,1.0,1.0,0.0,0.0,0.0,1.0,0.0,0.0
1115,0,3,11.0,38637.0,3512.4545454545455,0-1-7-2-3*,5.0,1.0,1.0,1.0,1.0,0.0,0.0,0.0,1.0,0.0,0.0
1313,0,4,12.0,62490.0,5207.5,0-7-6-8-2-4*,6.0,1.0,0.0,1.0,0.0,1.0,0.0,1.0,1.0,1.0,0.0
1307,0,4,11.0,48601.0,4418.272727272727,0-7-8-2-4*,5.0,1.0,0.0,1.0,0.0,1.0,0.0,0.0,1.0,1.0,0.0
1286,0,4,9.0,40976.0,4552.888888888889,0-7-6-8-4*,5.0,1.0,0.0,0.0,0.0,1.0,0.0,1.0,1.0,1.0,0.0
1290,0,4,10.0,40976.0,4097.6,0-6-7-8-4*,5.0,1.0,0.0,0.0,0.0,1.0,0.0,1.0,1.0,1.0,0.0
1308,0,4,11.0,40976.0,3725.090909090909,0-6-8-7-4*,5.0,1.0,0.0,0.0,0.0,1.0,0.0,1.0,1.0,1.0,0.0
1668,0,5,11.0,86097.0,7827.0,0-7-6-8-2-5*,6.0,1.0,0.0,1.0,0.0,0.0,1.0,1.0,1.0,1.0,0.0
1675,0,5,13.0,70153.0,5396.384615384615,0-6-7-1-2-5*,6.0,1.0,1.0,1.0,0.0,0.0,1.0,1.0,1.0,0.0,0.0
1678,0,5,13.0,64577.0,4967.461538461538,0-8-3-7-2-5*,6.0,1.0,0.0,1.0,1.0,0.0,1.0,0.0,1.0,1.0,0.0
1657,0,5,8.0,64404.0,8050.5,0-7-6-8-5*,5.0,1.0,0.0,0.0,0.0,0.0,1.0,1.0,1.0,1.0,0.0
1676,0,5,13.0,63027.0,4848.2307692307695,0-6-7-3-2-5*,6.0,1.0,0.0,1.0,1.0,0.0,1.0,1.0,1.0,0.0,0.0
1993,0,6,12.0,56893.0,4741.083333333333,0-7-5-2-6*,5.0,1.0,0.0,1.0,0.0,0.0,1.0,1.0,1.0,0.0,0.0
1989,0,6,12.0,48529.0,4044.0833333333335,0-7-1-2-6*,5.0,1.0,1.0,1.0,0.0,0.0,0.0,1.0,1.0,0.0,0.0
1998,0,6,15.0,38479.0,2565.266666666667,0-7-2-3-9-6*,6.0,1.0,0.0,1.0,1.0,0.0,0.0,1.0,1.0,0.0,1.0
1992,0,6,12.0,38381.0,3198.4166666666665,0-7-3-2-6*,5.0,1.0,0.0,1.0,1.0,0.0,0.0,1.0,1.0,0.0,0.0
1994,0,6,13.0,35467.0,2728.230769230769,0-3-8-5-2-6*,6.0,1.0,0.0,1.0,1.0,0.0,1.0,1.0,0.0,1.0,0.0
188,0,7,13.0,86097.0,6622.846153846154,0-2-5-8-6-7*,6.0,1.0,0.0,1.0,0.0,0.0,1.0,1.0,1.0,1.0,0.0
186,0,7,13.0,64577.0,4967.461538461538,0-2-5-8-3-7*,6.0,1.0,0.0,1.0,1.0,0.0,1.0,0.0,1.0,1.0,0.0
194,0,7,15.0,64452.0,4296.8,0-9-5-8-6-7*,6.0,1.0,0.0,0.0,0.0,0.0,1.0,1.0,1.0,1.0,1.0
2240,0,7,15.0,64452.0,4296.8,0-6-8-5-9-7*,6.0,1.0,0.0,0.0,0.0,0.0,1.0,1.0,1.0,1.0,1.0
166,0,7,9.0,64404.0,7156.0,0-5-8-6-7*,5.0,1.0,0.0,0.0,0.0,0.0,1.0,1.0,1.0,1.0,0.0
233,0,8,15.0,62490.0,4166.0,0-4-2-7-6-8*,6.0,1.0,0.0,1.0,0.0,1.0,0.0,1.0,1.0,1.0,0.0
240,0,8,17.0,61052.0,3591.294117647059,0-9-2-7-6-8*,6.0,1.0,0.0,1.0,0.0,0.0,0.0,1.0,1.0,1.0,1.0
218,0,8,11.0,61003.0,5545.727272727273,0-2-7-6-8*,5.0,1.0,0.0,1.0,0.0,0.0,0.0,1.0,1.0,1.0,0.0
235,0,8,15.0,54951.0,3663.4,0-4-2-7-3-8*,6.0,1.0,0.0,1.0,1.0,1.0,0.0,0.0,1.0,1.0,0.0
242,0,8,17.0,52548.0,3091.0588235294117,0-9-2-7-3-8*,6.0,1.0,0.0,1.0,1.0,0.0,0.0,0.0,1.0,1.0,1.0
277,0,9,12.0,64452.0,5371.0,0-7-6-8-5-9*,6.0,1.0,0.0,0.0,0.0,0.0,1.0,1.0,1.0,1.0,1.0
295,0,9,15.0,61052.0,4070.133333333333,0-2-7-6-8-9*,6.0,1.0,0.0,1.0,0.0,0.0,0.0,1.0,1.0,1.0,1.0
270,0,9,10.0,42678.0,4267.8,0-7-6-8-3-9*,6.0,1.0,0.0,0.0,1.0,0.0,0.0,1.0,1.0,1.0,1.0
265,0,9,10.0,39698.0,3969.8,0-7-6-8-9*,5.0,1.0,0.0,0.0,0.0,0.0,0.0,1.0,1.0,1.0,1.0
2591,0,9,11.0,39698.0,3608.909090909091,0-6-7-8-9*,5.0,1.0,0.0,0.0,0.0,0.0,0.0,1.0,1.0,1.0,1.0
353,1,2,12.0,89068.0,7422.333333333333,1-7-6-8-5-2*,6.0,0.0,1.0,1.0,0.0,0.0,1.0,1.0,1.0,1.0,0.0
348,1,2,11.0,69209.0,6291.727272727273,1-7-6-8-3-2*,6.0,0.0,1.0,1.0,1.0,0.0,0.0,1.0,1.0,1.0,0.0
380,1,2,17.0,64452.0,3791.294117647059,1-9-6-7-8-2*,6.0,0.0,1.0,1.0,0.0,0.0,0.0,1.0,1.0,1.0,1.0
343,1,2,9.0,64403.0,7155.888888888889,1-7-6-8-2*,5.0,0.0,1.0,1.0,0.0,0.0,0.0,1.0,1.0,1.0,0.0
354,1,2,12.0,64403.0,5366.916666666667,1-7-8-6-2*,5.0,0.0,1.0,1.0,0.0,0.0,0.0,1.0,1.0,1.0,0.0
421,1,3,11.0,69209.0,6291.727272727273,1-2-7-6-8-3*,6.0,0.0,1.0,1.0,1.0,0.0,0.0,1.0,1.0,1.0,0.0
425,1,3,12.0,69209.0,5767.416666666667,1-7-6-8-2-3*,6.0,0.0,1.0,1.0,1.0,0.0,0.0,1.0,1.0,1.0,0.0
423,1,3,12.0,65427.0,5452.25,1-0-7-8-2-3*,6.0,1.0,1.0,1.0,1.0,0.0,0.0,0.0,1.0,1.0,0.0
431,1,3,12.0,65427.0,5452.25,1-2-7-0-8-3*,6.0,1.0,1.0,1.0,1.0,0.0,0.0,0.0,1.0,1.0,0.0
1138,1,3,16.0,60157.0,3759.8125,1-2-7-8-9-3*,6.0,0.0,1.0,1.0,1.0,0.0,0.0,0.0,1.0,1.0,1.0
473,1,4,13.0,65865.0,5066.538461538462,1-7-6-8-2-4*,6.0,0.0,1.0,1.0,0.0,1.0,0.0,1.0,1.0,1.0,0.0
476,1,4,13.0,62535.0,4810.384615384615,1-7-3-8-2-4*,6.0,0.0,1.0,1.0,1.0,1.0,0.0,0.0,1.0,1.0,0.0
456,1,4,11.0,56214.0,5110.363636363636,1-7-2-8-4*,5.0,0.0,1.0,1.0,0.0,1.0,0.0,0.0,1.0,1.0,0.0
464,1,4,12.0,56214.0,4684.5,1-7-8-2-4*,5.0,0.0,1.0,1.0,0.0,1.0,0.0,0.0,1.0,1.0,0.0
468,1,4,12.0,56214.0,4684.5,1-2-7-8-4*,5.0,0.0,1.0,1.0,0.0,1.0,0.0,0.0,1.0,1.0,0.0
518,1,5,12.0,89068.0,7422.333333333333,1-7-6-8-2-5*,6.0,0.0,1.0,1.0,0.0,0.0,1.0,1.0,1.0,1.0,0.0
1713,1,5,12.0,89068.0,7422.333333333333,1-2-7-6-8-5*,6.0,0.0,1.0,1.0,0.0,0.0,1.0,1.0,1.0,1.0,0.0
1698,1,5,10.0,73910.0,7391.0,1-0-7-6-8-5*,6.0,1.0,1.0,0.0,0.0,0.0,1.0,1.0,1.0,1.0,0.0
1701,1,5,11.0,73910.0,6719.090909090909,1-7-0-6-8-5*,6.0,1.0,1.0,0.0,0.0,0.0,1.0,1.0,1.0,1.0,0.0
1707,1,5,11.0,73910.0,6719.090909090909,1-0-6-7-8-5*,6.0,1.0,1.0,0.0,0.0,0.0,1.0,1.0,1.0,1.0,0.0
570,1,6,12.0,74352.0,6196.0,1-2-8-0-7-6*,6.0,1.0,1.0,1.0,0.0,0.0,0.0,1.0,1.0,1.0,0.0
571,1,6,12.0,74352.0,6196.0,1-2-8-7-0-6*,6.0,1.0,1.0,1.0,0.0,0.0,0.0,1.0,1.0,1.0,0.0
578,1,6,13.0,74352.0,5719.384615384615,1-7-2-8-0-6*,6.0,1.0,1.0,1.0,0.0,0.0,0.0,1.0,1.0,1.0,0.0
580,1,6,13.0,73910.0,5685.384615384615,1-8-5-0-7-6*,6.0,1.0,1.0,0.0,0.0,0.0,1.0,1.0,1.0,1.0,0.0
2030,1,6,15.0,70153.0,4676.866666666667,1-7-0-5-2-6*,6.0,1.0,1.0,1.0,0.0,0.0,1.0,1.0,1.0,0.0,0.0
599,1,7,11.0,74352.0,6759.272727272727,1-2-8-6-0-7*,6.0,1.0,1.0,1.0,0.0,0.0,0.0,1.0,1.0,1.0,0.0
594,1,7,9.0,64403.0,7155.888888888889,1-2-8-6-7*,5.0,0.0,1.0,1.0,0.0,0.0,0.0,1.0,1.0,1.0,0.0
2248,1,7,10.0,64154.0,6415.4,1-2-8-5-7*,5.0,0.0,1.0,1.0,0.0,0.0,1.0,0.0,1.0,1.0,0.0
2252,1,7,12.0,64154.0,5346.166666666667,1-8-2-5-7*,5.0,0.0,1.0,1.0,0.0,0.0,1.0,0.0,1.0,1.0,0.0
630,1,7,16.0,63623.0,3976.4375,1-9-5-8-6-7*,6.0,0.0,1.0,0.0,0.0,0.0,1.0,1.0,1.0,1.0,1.0
673,1,8,12.0,74352.0,6196.0,1-2-7-0-6-8*,6.0,1.0,1.0,1.0,0.0,0.0,0.0,1.0,1.0,1.0,0.0
678,1,8,13.0,74352.0,5719.384615384615,1-2-7-6-0-8*,6.0,1.0,1.0,1.0,0.0,0.0,0.0,1.0,1.0,1.0,0.0
681,1,8,13.0,73910.0,5685.384615384615,1-7-5-0-6-8*,6.0,1.0,1.0,0.0,0.0,0.0,1.0,1.0,1.0,1.0,0.0
679,1,8,13.0,71757.0,5519.7692307692305,1-7-5-2-3-8*,6.0,0.0,1.0,1.0,1.0,0.0,1.0,0.0,1.0,1.0,0.0
667,1,8,12.0,65427.0,5452.25,1-0-7-3-2-8*,6.0,1.0,1.0,1.0,1.0,0.0,0.0,0.0,1.0,1.0,0.0
732,1,9,12.0,49170.0,4097.5,1-0-7-6-8-9*,6.0,1.0,1.0,0.0,0.0,0.0,0.0,1.0,1.0,1.0,1.0
723,1,9,11.0,42249.0,3840.818181818182,1-7-6-8-3-9*,6.0,0.0,1.0,0.0,1.0,0.0,0.0,1.0,1.0,1.0,1.0
713,1,9,11.0,39298.0,3572.5454545454545,1-7-6-8-9*,5.0,0.0,1.0,0.0,0.0,0.0,0.0,1.0,1.0,1.0,1.0
2605,1,9,11.0,38534.0,3503.090909090909,1-0-7-8-3-9*,6.0,1.0,1.0,0.0,1.0,0.0,0.0,0.0,1.0,1.0,1.0
2604,1,9,11.0,35785.0,3253.181818181818,1-0-7-8-9*,5.0,1.0,1.0,0.0,0.0,0.0,0.0,0.0,1.0,1.0,1.0
813,2,3,11.0,65838.0,5985.272727272727,2-7-6-0-8-3*,6.0,1.0,0.0,1.0,1.0,0.0,0.0,1.0,1.0,1.0,0.0
823,2,3,12.0,65838.0,5486.5,2-6-0-7-8-3*,6.0,1.0,0.0,1.0,1.0,0.0,0.0,1.0,1.0,1.0,0.0
824,2,3,12.0,65838.0,5486.5,2-6-7-0-8-3*,6.0,1.0,0.0,1.0,1.0,0.0,0.0,1.0,1.0,1.0,0.0
1150,2,3,12.0,65838.0,5486.5,2-8-7-6-0-3*,6.0,1.0,0.0,1.0,1.0,0.0,0.0,1.0,1.0,1.0,0.0
816,2,3,11.0,65427.0,5947.909090909091,2-1-0-7-8-3*,6.0,1.0,1.0,1.0,1.0,0.0,0.0,0.0,1.0,1.0,0.0
1374,2,4,13.0,62490.0,4806.923076923077,2-8-7-6-0-4*,6.0,1.0,0.0,1.0,0.0,1.0,0.0,1.0,1.0,1.0,0.0
1366,2,4,12.0,60070.0,5005.833333333333,2-3-8-6-7-4*,6.0,0.0,0.0,1.0,1.0,1.0,0.0,1.0,1.0,1.0,0.0
1362,2,4,11.0,55749.0,5068.090909090909,2-8-5-7-4*,5.0,0.0,0.0,1.0,0.0,1.0,1.0,0.0,1.0,1.0,0.0
1367,2,4,12.0,55749.0,4645.75,2-5-8-7-4*,5.0,0.0,0.0,1.0,0.0,1.0,1.0,0.0,1.0,1.0,0.0
1373,2,4,13.0,54951.0,4227.0,2-3-8-7-0-4*,6.0,1.0,0.0,1.0,1.0,1.0,0.0,0.0,1.0,1.0,0.0
1741,2,5,12.0,86097.0,7174.75,2-8-7-6-0-5*,6.0,1.0,0.0,1.0,0.0,0.0,1.0,1.0,1.0,1.0,0.0
1737,2,5,11.0,84549.0,7686.272727272727,2-3-8-6-7-5*,6.0,0.0,0.0,1.0,1.0,0.0,1.0,1.0,1.0,1.0,0.0
1725,2,5,9.0,76715.0,8523.888888888889,2-8-6-7-5*,5.0,0.0,0.0,1.0,0.0,0.0,1.0,1.0,1.0,1.0,0.0
906,2,5,11.0,76715.0,6974.090909090909,2-6-7-8-5*,5.0,0.0,0.0,1.0,0.0,0.0,1.0,1.0,1.0,1.0,0.0
1740,2,5,12.0,64577.0,5381.416666666667,2-3-8-7-0-5*,6.0,1.0,0.0,1.0,1.0,0.0,1.0,0.0,1.0,1.0,0.0
2036,2,6,12.0,86097.0,7174.75,2-5-8-7-0-6*,6.0,1.0,0.0,1.0,0.0,0.0,1.0,1.0,1.0,1.0,0.0
2052,2,6,16.0,76792.0,4799.5,2-8-7-5-9-6*,6.0,0.0,0.0,1.0,0.0,0.0,1.0,1.0,1.0,1.0,1.0
958,2,6,10.0,76715.0,7671.5,2-5-8-7-6*,5.0,0.0,0.0,1.0,0.0,0.0,1.0,1.0,1.0,1.0,0.0
969,2,6,11.0,76715.0,6974.090909090909,2-5-7-8-6*,5.0,0.0,0.0,1.0,0.0,0.0,1.0,1.0,1.0,1.0,0.0
961,2,6,11.0,65838.0,5985.272727272727,2-3-8-0-7-6*,6.0,1.0,0.0,1.0,1.0,0.0,0.0,1.0,1.0,1.0,0.0
1004,2,7,11.0,86097.0,7827.0,2-5-8-6-0-7*,6.0,1.0,0.0,1.0,0.0,0.0,1.0,1.0,1.0,1.0,0.0
2290,2,7,16.0,76792.0,4799.5,2-5-8-6-9-7*,6.0,0.0,0.0,1.0,0.0,0.0,1.0,1.0,1.0,1.0,1.0
994,2,7,9.0,76715.0,8523.888888888889,2-5-8-6-7*,5.0,0.0,0.0,1.0,0.0,0.0,1.0,1.0,1.0,1.0,0.0
983,2,7,8.0,61003.0,7625.375,2-8-6-0-7*,5.0,1.0,0.0,1.0,0.0,0.0,0.0,1.0,1.0,1.0,0.0
1013,2,7,11.0,61003.0,5545.727272727273,2-0-8-6-7*,5.0,1.0,0.0,1.0,0.0,0.0,0.0,1.0,1.0,1.0,0.0
1053,2,8,11.0,74352.0,6759.272727272727,2-1-0-7-6-8*,6.0,1.0,1.0,1.0,0.0,0.0,0.0,1.0,1.0,1.0,0.0
1055,2,8,11.0,65427.0,5947.909090909091,2-1-0-7-3-8*,6.0,1.0,1.0,1.0,1.0,0.0,0.0,0.0,1.0,1.0,0.0
1039,2,8,9.0,61003.0,6778.111111111111,2-7-0-6-8*,5.0,1.0,0.0,1.0,0.0,0.0,0.0,1.0,1.0,1.0,0.0
1046,2,8,10.0,61003.0,6100.3,2-7-6-0-8*,5.0,1.0,0.0,1.0,0.0,0.0,0.0,1.0,1.0,1.0,0.0
1047,2,8,10.0,61003.0,6100.3,2-0-7-6-8*,5.0,1.0,0.0,1.0,0.0,0.0,0.0,1.0,1.0,1.0,0.0
1095,2,9,11.0,56966.0,5178.727272727273,2-7-6-8-3-9*,6.0,0.0,0.0,1.0,1.0,0.0,0.0,1.0,1.0,1.0,1.0
1104,2,9,12.0,52272.0,4356.0,2-7-5-8-9*,5.0,0.0,0.0,1.0,0.0,0.0,1.0,0.0,1.0,1.0,1.0
1106,2,9,12.0,52272.0,4356.0,2-7-8-5-9*,5.0,0.0,0.0,1.0,0.0,0.0,1.0,0.0,1.0,1.0,1.0
1088,2,9,11.0,52133.0,4739.363636363636,2-7-6-8-9*,5.0,0.0,0.0,1.0,0.0,0.0,0.0,1.0,1.0,1.0,1.0
2618,2,9,11.0,52133.0,4739.363636363636,2-8-7-6-9*,5.0,0.0,0.0,1.0,0.0,0.0,0.0,1.0,1.0,1.0,1.0
1404,3,4,12.0,60070.0,5005.833333333333,3-8-6-7-2-4*,6.0,0.0,0.0,1.0,1.0,1.0,0.0,1.0,1.0,1.0,0.0
1179,3,4,13.0,60070.0,4620.7692307692305,3-7-6-8-2-4*,6.0,0.0,0.0,1.0,1.0,1.0,0.0,1.0,1.0,1.0,0.0
1381,3,4,10.0,50561.0,5056.1,3-8-2-7-4*,5.0,0.0,0.0,1.0,1.0,1.0,0.0,0.0,1.0,1.0,0.0
1171,3,4,11.0,50561.0,4596.454545454545,3-7-2-8-4*,5.0,0.0,0.0,1.0,1.0,1.0,0.0,0.0,1.0,1.0,0.0
1384,3,4,11.0,50561.0,4596.454545454545,3-8-7-2-4*,5.0,0.0,0.0,1.0,1.0,1.0,0.0,0.0,1.0,1.0,0.0
1768,3,5,11.0,84549.0,7686.272727272727,3-8-6-7-2-5*,6.0,0.0,0.0,1.0,1.0,0.0,1.0,1.0,1.0,1.0,0.0
1214,3,5,12.0,84549.0,7045.75,3-7-6-8-2-5*,6.0,0.0,0.0,1.0,1.0,0.0,1.0,1.0,1.0,1.0,0.0
1770,3,5,12.0,84549.0,7045.75,3-2-8-6-7-5*,6.0,0.0,0.0,1.0,1.0,0.0,1.0,1.0,1.0,1.0,0.0
1766,3,5,11.0,70385.0,6398.636363636364,3-8-0-6-7-5*,6.0,1.0,0.0,0.0,1.0,0.0,1.0,1.0,1.0,1.0,0.0
1217,3,5,13.0,70385.0,5414.2307692307695,3-7-6-8-0-5*,6.0,1.0,0.0,0.0,1.0,0.0,1.0,1.0,1.0,1.0,0.0
1246,3,6,12.0,65838.0,5486.5,3-2-8-0-7-6*,6.0,1.0,0.0,1.0,1.0,0.0,0.0,1.0,1.0,1.0,0.0
1247,3,6,12.0,65838.0,5486.5,3-2-8-7-0-6*,6.0,1.0,0.0,1.0,1.0,0.0,0.0,1.0,1.0,1.0,0.0
2073,3,6,13.0,65838.0,5064.461538461538,3-8-0-7-2-6*,6.0,1.0,0.0,1.0,1.0,0.0,0.0,1.0,1.0,1.0,0.0
1251,3,6,14.0,65838.0,4702.714285714285,3-2-7-8-0-6*,6.0,1.0,0.0,1.0,1.0,0.0,0.0,1.0,1.0,1.0,0.0
2078,3,6,14.0,65838.0,4702.714285714285,3-8-7-0-2-6*,6.0,1.0,0.0,1.0,1.0,0.0,0.0,1.0,1.0,1.0,0.0
2316,3,7,12.0,65838.0,5486.5,3-2-8-0-6-7*,6.0,1.0,0.0,1.0,1.0,0.0,0.0,1.0,1.0,1.0,0.0
2322,3,7,13.0,65427.0,5032.846153846154,3-2-8-0-1-7*,6.0,1.0,1.0,1.0,1.0,0.0,0.0,0.0,1.0,1.0,0.0
2329,3,7,14.0,64577.0,4612.642857142857,3-2-8-0-5-7*,6.0,1.0,0.0,1.0,1.0,0.0,1.0,0.0,1.0,1.0,0.0
2305,3,7,9.0,60060.0,6673.333333333333,3-8-2-1-7*,5.0,0.0,1.0,1.0,1.0,0.0,0.0,0.0,1.0,1.0,0.0
2317,3,7,12.0,60060.0,5005.0,3-2-8-1-7*,5.0,0.0,1.0,1.0,1.0,0.0,0.0,0.0,1.0,1.0,0.0
1272,3,8,10.0,42603.0,4260.3,3-7-6-0-8*,5.0,1.0,0.0,0.0,1.0,0.0,0.0,1.0,1.0,1.0,0.0
1271,3,8,7.0,33704.0,4814.857142857143,3-7-6-8*,4.0,0.0,0.0,0.0,1.0,0.0,0.0,1.0,1.0,1.0,0.0
1268,3,8,6.0,25107.0,4184.5,3-7-8*,3.0,0.0,0.0,0.0,1.0,0.0,0.0,0.0,1.0,1.0,0.0
2510,3,8,8.0,8916.0,1114.5,3-0-5-8*,4.0,1.0,0.0,0.0,1.0,0.0,1.0,0.0,0.0,1.0,0.0
1269,3,8,7.0,7581.0,1083.0,3-0-6-8*,4.0,1.0,0.0,0.0,1.0,0.0,0.0,1.0,0.0,1.0,0.0
2663,3,9,11.0,48211.0,4382.818181818182,3-8-2-7-9*,5.0,0.0,0.0,1.0,1.0,0.0,0.0,0.0,1.0,1.0,1.0
2657,3,9,11.0,36498.0,3318.0,3-8-7-5-9*,5.0,0.0,0.0,0.0,1.0,0.0,1.0,0.0,1.0,1.0,1.0
2662,3,9,11.0,36498.0,3318.0,3-8-5-7-9*,5.0,0.0,0.0,0.0,1.0,0.0,1.0,0.0,1.0,1.0,1.0
2637,3,9,10.0,33779.0,3377.9,3-8-7-6-9*,5.0,0.0,0.0,0.0,1.0,0.0,0.0,1.0,1.0,1.0,1.0
2641,3,9,10.0,33779.0,3377.9,3-8-6-7-9*,5.0,0.0,0.0,0.0,1.0,0.0,0.0,1.0,1.0,1.0,1.0
1801,4,5,13.0,81023.0,6232.538461538462,4-2-8-6-7-5*,6.0,0.0,0.0,1.0,0.0,1.0,1.0,1.0,1.0,1.0,0.0
1442,4,5,12.0,68576.0,5714.666666666667,4-8-6-0-7-5*,6.0,1.0,0.0,0.0,0.0,1.0,1.0,1.0,1.0,1.0,0.0
1795,4,5,12.0,68576.0,5714.666666666667,4-7-0-6-8-5*,6.0,1.0,0.0,0.0,0.0,1.0,1.0,1.0,1.0,1.0,0.0
1803,4,5,13.0,65098.0,5007.538461538462,4-2-8-3-7-5*,6.0,0.0,0.0,1.0,1.0,1.0,1.0,0.0,1.0,1.0,0.0
1427,4,5,10.0,59218.0,5921.8,4-7-6-8-5*,5.0,0.0,0.0,0.0,0.0,1.0,1.0,1.0,1.0,1.0,0.0
1499,4,6,12.0,68576.0,5714.666666666667,4-8-5-0-7-6*,6.0,1.0,0.0,0.0,0.0,1.0,1.0,1.0,1.0,1.0,0.0
1495,4,6,11.0,59218.0,5383.454545454545,4-7-5-8-6*,5.0,0.0,0.0,0.0,0.0,1.0,1.0,1.0,1.0,1.0,0.0
2093,4,6,10.0,53518.0,5351.8,4-8-2-7-6*,5.0,0.0,0.0,1.0,0.0,1.0,0.0,1.0,1.0,1.0,0.0
1488,4,6,11.0,53518.0,4865.272727272727,4-2-8-7-6*,5.0,0.0,0.0,1.0,0.0,1.0,0.0,1.0,1.0,1.0,0.0
1491,4,6,11.0,53518.0,4865.272727272727,4-7-2-8-6*,5.0,0.0,0.0,1.0,0.0,1.0,0.0,1.0,1.0,1.0,0.0
1545,4,7,12.0,62490.0,5207.5,4-2-8-6-0-7*,6.0,1.0,0.0,1.0,0.0,1.0,0.0,1.0,1.0,1.0,0.0
2335,4,7,11.0,56214.0,5110.363636363636,4-8-2-1-7*,5.0,0.0,1.0,1.0,0.0,1.0,0.0,0.0,1.0,1.0,0.0
2334,4,7,11.0,55749.0,5068.090909090909,4-2-8-5-7*,5.0,0.0,0.0,1.0,0.0,1.0,1.0,0.0,1.0,1.0,0.0
2337,4,7,11.0,55749.0,5068.090909090909,4-8-2-5-7*,5.0,0.0,0.0,1.0,0.0,1.0,1.0,0.0,1.0,1.0,0.0
1547,4,7,12.0,55749.0,4645.75,4-2-5-8-7*,5.0,0.0,0.0,1.0,0.0,1.0,1.0,0.0,1.0,1.0,0.0
1601,4,8,12.0,56214.0,4684.5,4-7-1-2-8*,5.0,0.0,1.0,1.0,0.0,1.0,0.0,0.0,1.0,1.0,0.0
1594,4,8,12.0,55749.0,4645.75,4-7-5-2-8*,5.0,0.0,0.0,1.0,0.0,1.0,1.0,0.0,1.0,1.0,0.0
1596,4,8,12.0,55749.0,4645.75,4-7-2-5-8*,5.0,0.0,0.0,1.0,0.0,1.0,1.0,0.0,1.0,1.0,0.0
1586,4,8,11.0,53518.0,4865.272727272727,4-2-7-6-8*,5.0,0.0,0.0,1.0,0.0,1.0,0.0,1.0,1.0,1.0,0.0
1584,4,8,11.0,50561.0,4596.454545454545,4-7-2-3-8*,5.0,0.0,0.0,1.0,1.0,1.0,0.0,0.0,1.0,1.0,0.0
1654,4,9,13.0,44772.0,3444.0,4-7-2-8-9*,5.0,0.0,0.0,1.0,0.0,1.0,0.0,0.0,1.0,1.0,1.0
1643,4,9,12.0,37260.0,3105.0,4-7-6-8-3-9*,6.0,0.0,0.0,0.0,1.0,1.0,0.0,1.0,1.0,1.0,1.0
1649,4,9,13.0,34598.0,2661.3846153846152,4-7-5-8-9*,5.0,0.0,0.0,0.0,0.0,1.0,1.0,0.0,1.0,1.0,1.0
1651,4,9,13.0,34598.0,2661.3846153846152,4-7-8-5-9*,5.0,0.0,0.0,0.0,0.0,1.0,1.0,0.0,1.0,1.0,1.0
1632,4,9,12.0,32563.0,2713.5833333333335,4-7-6-8-9*,5.0,0.0,0.0,0.0,0.0,1.0,0.0,1.0,1.0,1.0,1.0
1853,5,6,12.0,86097.0,7174.75,5-2-8-0-7-6*,6.0,1.0,0.0,1.0,0.0,0.0,1.0,1.0,1.0,1.0,0.0
1855,5,6,12.0,86097.0,7174.75,5-2-8-7-0-6*,6.0,1.0,0.0,1.0,0.0,0.0,1.0,1.0,1.0,1.0,0.0
1858,5,6,12.0,84549.0,7045.75,5-2-7-3-8-6*,6.0,0.0,0.0,1.0,1.0,0.0,1.0,1.0,1.0,1.0,0.0
2123,5,6,9.0,76715.0,8523.888888888889,5-8-2-7-6*,5.0,0.0,0.0,1.0,0.0,0.0,1.0,1.0,1.0,1.0,0.0
1838,5,6,10.0,76715.0,7671.5,5-2-8-7-6*,5.0,0.0,0.0,1.0,0.0,0.0,1.0,1.0,1.0,1.0,0.0
1882,5,7,11.0,86097.0,7827.0,5-2-8-6-0-7*,6.0,1.0,0.0,1.0,0.0,0.0,1.0,1.0,1.0,1.0,0.0
1898,5,7,17.0,76792.0,4517.176470588235,5-9-6-2-8-7*,6.0,0.0,0.0,1.0,0.0,0.0,1.0,1.0,1.0,1.0,1.0
1876,5,7,9.0,76715.0,8523.888888888889,5-2-8-6-7*,5.0,0.0,0.0,1.0,0.0,0.0,1.0,1.0,1.0,1.0,0.0
1885,5,7,12.0,70153.0,5846.083333333333,5-2-1-0-6-7*,6.0,1.0,1.0,1.0,0.0,0.0,1.0,1.0,1.0,0.0,0.0
1869,5,7,8.0,64404.0,8050.5,5-8-6-0-7*,5.0,1.0,0.0,0.0,0.0,0.0,1.0,1.0,1.0,1.0,0.0
1934,5,8,13.0,70385.0,5414.2307692307695,5-7-3-0-6-8*,6.0,1.0,0.0,0.0,1.0,0.0,1.0,1.0,1.0,1.0,0.0
1931,5,8,13.0,64577.0,4967.461538461538,5-0-7-3-2-8*,6.0,1.0,0.0,1.0,1.0,0.0,1.0,0.0,1.0,1.0,0.0
1932,5,8,13.0,64577.0,4967.461538461538,5-7-0-3-2-8*,6.0,1.0,0.0,1.0,1.0,0.0,1.0,0.0,1.0,1.0,0.0
1921,5,8,9.0,64404.0,7156.0,5-0-7-6-8*,5.0,1.0,0.0,0.0,0.0,0.0,1.0,1.0,1.0,1.0,0.0
1922,5,8,9.0,64404.0,7156.0,5-7-0-6-8*,5.0,1.0,0.0,0.0,0.0,0.0,1.0,1.0,1.0,1.0,0.0
1966,5,9,13.0,64452.0,4957.846153846154,5-0-7-6-8-9*,6.0,1.0,0.0,0.0,0.0,0.0,1.0,1.0,1.0,1.0,1.0
1967,5,9,13.0,64452.0,4957.846153846154,5-7-0-6-8-9*,6.0,1.0,0.0,0.0,0.0,0.0,1.0,1.0,1.0,1.0,1.0
1962,5,9,11.0,61126.0,5556.909090909091,5-7-6-8-3-9*,6.0,0.0,0.0,0.0,1.0,0.0,1.0,1.0,1.0,1.0,1.0
1977,5,9,15.0,59902.0,3993.4666666666667,5-7-3-2-8-9*,6.0,0.0,0.0,1.0,1.0,0.0,1.0,0.0,1.0,1.0,1.0
1955,5,9,11.0,55147.0,5013.363636363636,5-7-6-8-9*,5.0,0.0,0.0,0.0,0.0,0.0,1.0,1.0,1.0,1.0,1.0
2175,6,7,13.0,84549.0,6503.7692307692305,6-2-5-8-3-7*,6.0,0.0,0.0,1.0,1.0,0.0,1.0,1.0,1.0,1.0,0.0
2171,6,7,12.0,76715.0,6392.916666666667,6-2-5-8-7*,5.0,0.0,0.0,1.0,0.0,0.0,1.0,1.0,1.0,1.0,0.0
2383,6,7,10.0,64404.0,6440.4,6-0-8-5-7*,5.0,1.0,0.0,0.0,0.0,0.0,1.0,1.0,1.0,1.0,0.0
2382,6,7,10.0,61003.0,6100.3,6-0-8-2-7*,5.0,1.0,0.0,1.0,0.0,0.0,0.0,1.0,1.0,1.0,0.0
2177,6,7,15.0,56966.0,3797.733333333333,6-9-3-2-8-7*,6.0,0.0,0.0,1.0,1.0,0.0,0.0,1.0,1.0,1.0,1.0
2529,6,8,9.0,64404.0,7156.0,6-7-0-5-8*,5.0,1.0,0.0,0.0,0.0,0.0,1.0,1.0,1.0,1.0,0.0
2195,6,8,14.0,55147.0,3939.0714285714284,6-9-5-7-8*,5.0,0.0,0.0,0.0,0.0,0.0,1.0,1.0,1.0,1.0,1.0
2189,6,8,10.0,52084.0,5208.4,6-2-7-8*,4.0,0.0,0.0,1.0,0.0,0.0,0.0,1.0,1.0,1.0,0.0
2532,6,8,10.0,49150.0,4915.0,6-7-0-1-8*,5.0,1.0,1.0,0.0,0.0,0.0,0.0,1.0,1.0,1.0,0.0
2534,6,8,11.0,49150.0,4468.181818181818,6-0-7-1-8*,5.0,1.0,1.0,0.0,0.0,0.0,0.0,1.0,1.0,1.0,0.0
2747,6,9,11.0,55147.0,5013.363636363636,6-7-8-5-9*,5.0,0.0,0.0,0.0,0.0,0.0,1.0,1.0,1.0,1.0,1.0
2734,6,9,11.0,42678.0,3879.818181818182,6-7-0-8-3-9*,6.0,1.0,0.0,0.0,1.0,0.0,0.0,1.0,1.0,1.0,1.0
2737,6,9,11.0,42678.0,3879.818181818182,6-0-7-8-3-9*,6.0,1.0,0.0,0.0,1.0,0.0,0.0,1.0,1.0,1.0,1.0
2733,6,9,11.0,39698.0,3608.909090909091,6-7-0-8-9*,5.0,1.0,0.0,0.0,0.0,0.0,0.0,1.0,1.0,1.0,1.0
2736,6,9,11.0,39698.0,3608.909090909091,6-0-7-8-9*,5.0,1.0,0.0,0.0,0.0,0.0,0.0,1.0,1.0,1.0,1.0
2432,7,8,13.0,65427.0,5032.846153846154,7-1-0-3-2-8*,6.0,1.0,1.0,1.0,1.0,0.0,0.0,0.0,1.0,1.0,0.0
2435,7,8,14.0,64577.0,4612.642857142857,7-5-0-3-2-8*,6.0,1.0,0.0,1.0,1.0,0.0,1.0,0.0,1.0,1.0,0.0
2420,7,8,10.0,64404.0,6440.4,7-5-0-6-8*,5.0,1.0,0.0,0.0,0.0,0.0,1.0,1.0,1.0,1.0,0.0
2424,7,8,11.0,64154.0,5832.181818181818,7-1-2-5-8*,5.0,0.0,1.0,1.0,0.0,0.0,1.0,0.0,1.0,1.0,0.0
2418,7,8,10.0,60060.0,6006.0,7-1-2-3-8*,5.0,0.0,1.0,1.0,1.0,0.0,0.0,0.0,1.0,1.0,0.0
2487,7,9,12.0,64452.0,5371.0,7-0-6-8-5-9*,6.0,1.0,0.0,0.0,0.0,0.0,1.0,1.0,1.0,1.0,1.0
2490,7,9,12.0,55555.0,4629.583333333333,7-1-2-8-9*,5.0,0.0,1.0,1.0,0.0,0.0,0.0,0.0,1.0,1.0,1.0
2466,7,9,10.0,55147.0,5514.7,7-6-8-5-9*,5.0,0.0,0.0,0.0,0.0,0.0,1.0,1.0,1.0,1.0,1.0
2477,7,9,11.0,52272.0,4752.0,7-2-8-5-9*,5.0,0.0,0.0,1.0,0.0,0.0,1.0,0.0,1.0,1.0,1.0
2486,7,9,12.0,52272.0,4356.0,7-2-5-8-9*,5.0,0.0,0.0,1.0,0.0,0.0,1.0,0.0,1.0,1.0,1.0
2788,8,9,11.0,55147.0,5013.363636363636,8-6-7-5-9*,5.0,0.0,0.0,0.0,0.0,0.0,1.0,1.0,1.0,1.0,1.0
2572,8,9,14.0,49170.0,3512.1428571428573,8-1-0-7-6-9*,6.0,1.0,1.0,0.0,0.0,0.0,0.0,1.0,1.0,1.0,1.0
2576,8,9,15.0,49170.0,3278.0,8-1-7-0-6-9*,6.0,1.0,1.0,0.0,0.0,0.0,0.0,1.0,1.0,1.0,1.0
2779,8,9,10.0,43637.0,4363.7,8-2-7-9*,4.0,0.0,0.0,1.0,0.0,0.0,0.0,0.0,1.0,1.0,1.0
2785,8,9,11.0,43637.0,3967.0,8-7-2-9*,4.0,0.0,0.0,1.0,0.0,0.0,0.0,0.0,1.0,1.0,1.0
0,0,1,2.0,1030.0,515.0,0-1*,2.0,1.0,1.0,0.0,0.0,0.0,0.0,0.0,0.0,0.0,0.0
1,0,1,5.0,13072.0,2614.4,0-7-1*,3.0,1.0,1.0,0.0,0.0,0.0,0.0,0.0,1.0,0.0,0.0
4,0,1,7.0,25660.0,3665.714285714286,0-6-7-1*,4.0,1.0,1.0,0.0,0.0,0.0,0.0,1.0,1.0,0.0,0.0
3,0,1,7.0,4984.0,712.0,0-2-1*,3.0,1.0,1.0,1.0,0.0,0.0,0.0,0.0,0.0,0.0,0.0
2,0,1,7.0,1232.0,176.0,0-8-1*,3.0,1.0,1.0,0.0,0.0,0.0,0.0,0.0,0.0,1.0,0.0
15,0,2,4.0,77.0,19.25,0-2*,2.0,1.0,0.0,1.0,0.0,0.0,0.0,0.0,0.0,0.0,0.0
17,0,2,5.0,22965.0,4593.0,0-7-2*,3.0,1.0,0.0,1.0,0.0,0.0,0.0,0.0,1.0,0.0,0.0
16,0,2,5.0,4984.0,996.8,0-1-2*,3.0,1.0,1.0,1.0,0.0,0.0,0.0,0.0,0.0,0.0,0.0
18,0,2,5.0,2489.0,497.8,0-8-2*,3.0,1.0,0.0,1.0,0.0,0.0,0.0,0.0,0.0,1.0,0.0
21,0,2,6.0,8069.0,1344.8333333333333,0-6-8-2*,4.0,1.0,0.0,1.0,0.0,0.0,0.0,1.0,0.0,1.0,0.0
65,0,3,3.0,57.0,19.0,0-3*,2.0,1.0,0.0,0.0,1.0,0.0,0.0,0.0,0.0,0.0,0.0
66,0,3,4.0,1893.0,473.25,0-8-3*,3.0,1.0,0.0,0.0,1.0,0.0,0.0,0.0,0.0,1.0,0.0
68,0,3,5.0,7581.0,1516.2,0-6-8-3*,4.0,1.0,0.0,0.0,1.0,0.0,0.0,1.0,0.0,1.0,0.0
67,0,3,5.0,5033.0,1006.6,0-7-3*,3.0,1.0,0.0,0.0,1.0,0.0,0.0,0.0,1.0,0.0,0.0
69,0,3,6.0,29367.0,4894.5,0-7-8-3*,4.0,1.0,0.0,0.0,1.0,0.0,0.0,0.0,1.0,1.0,0.0
91,0,4,4.0,53.0,13.25,0-4*,2.0,1.0,0.0,0.0,0.0,1.0,0.0,0.0,0.0,0.0,0.0
92,0,4,6.0,4506.0,751.0,0-7-4*,3.0,1.0,0.0,0.0,0.0,1.0,0.0,0.0,1.0,0.0,0.0
93,0,4,6.0,287.0,47.833333333333336,0-8-4*,3.0,1.0,0.0,0.0,0.0,1.0,0.0,0.0,0.0,1.0,0.0
94,0,4,7.0,6477.0,925.2857142857143,0-6-8-4*,4.0,1.0,0.0,0.0,0.0,1.0,0.0,1.0,0.0,1.0,0.0
95,0,4,7.0,3875.0,553.5714285714286,0-3-8-4*,4.0,1.0,0.0,0.0,1.0,1.0,0.0,0.0,0.0,1.0,0.0
114,0,5,3.0,463.0,154.33333333333334,0-5*,2.0,1.0,0.0,0.0,0.0,0.0,1.0,0.0,0.0,0.0,0.0
115,0,5,5.0,9322.0,1864.4,0-7-5*,3.0,1.0,0.0,0.0,0.0,0.0,1.0,0.0,1.0,0.0,0.0
116,0,5,5.0,4046.0,809.2,0-8-5*,3.0,1.0,0.0,0.0,0.0,0.0,1.0,0.0,0.0,1.0,0.0
117,0,5,6.0,25499.0,4249.833333333333,0-6-8-5*,4.0,1.0,0.0,0.0,0.0,0.0,1.0,1.0,0.0,1.0,0.0
118,0,5,6.0,8916.0,1486.0,0-3-8-5*,4.0,1.0,0.0,0.0,1.0,0.0,1.0,0.0,0.0,1.0,0.0
137,0,6,2.0,4639.0,2319.5,0-6*,2.0,1.0,0.0,0.0,0.0,0.0,0.0,1.0,0.0,0.0,0.0
138,0,6,4.0,16311.0,4077.75,0-7-6*,3.0,1.0,0.0,0.0,0.0,0.0,0.0,1.0,1.0,0.0,0.0
139,0,6,5.0,5508.0,1101.6,0-8-6*,3.0,1.0,0.0,0.0,0.0,0.0,0.0,1.0,0.0,1.0,0.0
140,0,6,6.0,7581.0,1263.5,0-3-8-6*,4.0,1.0,0.0,0.0,1.0,0.0,0.0,1.0,0.0,1.0,0.0
141,0,6,7.0,25660.0,3665.714285714286,0-1-7-6*,4.0,1.0,1.0,0.0,0.0,0.0,0.0,1.0,1.0,0.0,0.0
150,0,7,2.0,4124.0,2062.0,0-7*,2.0,1.0,0.0,0.0,0.0,0.0,0.0,0.0,1.0,0.0,0.0
151,0,7,4.0,16311.0,4077.75,0-6-7*,3.0,1.0,0.0,0.0,0.0,0.0,0.0,1.0,1.0,0.0,0.0
152,0,7,5.0,13072.0,2614.4,0-1-7*,3.0,1.0,1.0,0.0,0.0,0.0,0.0,0.0,1.0,0.0,0.0
155,0,7,6.0,26701.0,4450.166666666667,0-8-7*,3.0,1.0,0.0,0.0,0.0,0.0,0.0,0.0,1.0,1.0,0.0
154,0,7,6.0,9322.0,1553.6666666666667,0-5-7*,3.0,1.0,0.0,0.0,0.0,0.0,1.0,0.0,1.0,0.0,0.0
196,0,8,3.0,79.0,26.333333333333332,0-8*,2.0,1.0,0.0,0.0,0.0,0.0,0.0,0.0,0.0,1.0,0.0
197,0,8,4.0,5508.0,1377.0,0-6-8*,3.0,1.0,0.0,0.0,0.0,0.0,0.0,1.0,0.0,1.0,0.0
198,0,8,4.0,1893.0,473.25,0-3-8*,3.0,1.0,0.0,0.0,1.0,0.0,0.0,0.0,0.0,1.0,0.0
199,0,8,5.0,26701.0,5340.2,0-7-8*,3.0,1.0,0.0,0.0,0.0,0.0,0.0,0.0,1.0,1.0,0.0
200,0,8,5.0,4046.0,809.2,0-5-8*,3.0,1.0,0.0,0.0,0.0,0.0,1.0,0.0,0.0,1.0,0.0
246,0,9,5.0,0.0,0.0,0-9*,2.0,1.0,0.0,0.0,0.0,0.0,0.0,0.0,0.0,0.0,1.0
247,0,9,6.0,4646.0,774.3333333333334,0-6-9*,3.0,1.0,0.0,0.0,0.0,0.0,0.0,1.0,0.0,0.0,1.0
248,0,9,6.0,112.0,18.666666666666668,0-3-9*,3.0,1.0,0.0,0.0,1.0,0.0,0.0,0.0,0.0,0.0,1.0
249,0,9,7.0,4131.0,590.1428571428571,0-7-9*,3.0,1.0,0.0,0.0,0.0,0.0,0.0,0.0,1.0,0.0,1.0
252,0,9,7.0,1954.0,279.14285714285717,0-8-3-9*,4.0,1.0,0.0,0.0,1.0,0.0,0.0,0.0,0.0,1.0,1.0
334,1,2,3.0,3877.0,1292.3333333333333,1-2*,2.0,0.0,1.0,1.0,0.0,0.0,0.0,0.0,0.0,0.0,0.0
336,1,2,6.0,30559.0,5093.166666666667,1-7-2*,3.0,0.0,1.0,1.0,0.0,0.0,0.0,0.0,1.0,0.0,0.0
337,1,2,6.0,6333.0,1055.5,1-8-2*,3.0,0.0,1.0,1.0,0.0,0.0,0.0,0.0,0.0,1.0,0.0
335,1,2,6.0,4984.0,830.6666666666666,1-0-2*,3.0,1.0,1.0,1.0,0.0,0.0,0.0,0.0,0.0,0.0,0.0
760,1,2,7.0,35790.0,5112.857142857143,1-0-7-2*,4.0,1.0,1.0,1.0,0.0,0.0,0.0,0.0,1.0,0.0,0.0
385,1,3,5.0,1908.0,381.6,1-8-3*,3.0,0.0,1.0,0.0,1.0,0.0,0.0,0.0,0.0,1.0,0.0
384,1,3,5.0,1115.0,223.0,1-0-3*,3.0,1.0,1.0,0.0,1.0,0.0,0.0,0.0,0.0,0.0,0.0
389,1,3,6.0,10028.0,1671.3333333333333,1-2-8-3*,4.0,0.0,1.0,1.0,1.0,0.0,0.0,0.0,0.0,1.0,0.0
388,1,3,6.0,8798.0,1466.3333333333333,1-7-3*,3.0,0.0,1.0,0.0,1.0,0.0,0.0,0.0,1.0,0.0,0.0
387,1,3,6.0,5815.0,969.1666666666666,1-2-3*,3.0,0.0,1.0,1.0,1.0,0.0,0.0,0.0,0.0,0.0,0.0
434,1,4,6.0,1111.0,185.16666666666666,1-0-4*,3.0,1.0,1.0,0.0,0.0,1.0,0.0,0.0,0.0,0.0,0.0
436,1,4,7.0,8275.0,1182.142857142857,1-7-4*,3.0,0.0,1.0,0.0,0.0,1.0,0.0,0.0,1.0,0.0,0.0
435,1,4,7.0,4094.0,584.8571428571429,1-2-4*,3.0,0.0,1.0,1.0,0.0,1.0,0.0,0.0,0.0,0.0,0.0
437,1,4,7.0,306.0,43.714285714285715,1-8-4*,3.0,0.0,1.0,0.0,0.0,1.0,0.0,0.0,0.0,1.0,0.0
438,1,4,8.0,13482.0,1685.25,1-0-7-4*,4.0,1.0,1.0,0.0,0.0,1.0,0.0,0.0,1.0,0.0,0.0
484,1,5,5.0,1527.0,305.4,1-0-5*,3.0,1.0,1.0,0.0,0.0,0.0,1.0,0.0,0.0,0.0,0.0
486,1,5,6.0,12687.0,2114.5,1-7-5*,3.0,0.0,1.0,0.0,0.0,0.0,1.0,0.0,1.0,0.0,0.0
485,1,5,6.0,4279.0,713.1666666666666,1-2-5*,3.0,0.0,1.0,1.0,0.0,0.0,1.0,0.0,0.0,0.0,0.0
487,1,5,6.0,3661.0,610.1666666666666,1-8-5*,3.0,0.0,1.0,0.0,0.0,0.0,1.0,0.0,0.0,1.0,0.0
488,1,5,7.0,18304.0,2614.8571428571427,1-0-7-5*,4.0,1.0,1.0,0.0,0.0,0.0,1.0,0.0,1.0,0.0,0.0
534,1,6,4.0,6070.0,1517.5,1-0-6*,3.0,1.0,1.0,0.0,0.0,0.0,0.0,1.0,0.0,0.0,0.0
535,1,6,5.0,15867.0,3173.4,1-7-6*,3.0,0.0,1.0,0.0,0.0,0.0,0.0,1.0,1.0,0.0,0.0
536,1,6,6.0,25660.0,4276.666666666667,1-0-7-6*,4.0,1.0,1.0,0.0,0.0,0.0,0.0,1.0,1.0,0.0,0.0
537,1,6,6.0,1314.0,219.0,1-8-6*,3.0,0.0,1.0,0.0,0.0,0.0,0.0,1.0,0.0,1.0,0.0
538,1,6,7.0,25660.0,3665.714285714286,1-7-0-6*,4.0,1.0,1.0,0.0,0.0,0.0,0.0,1.0,1.0,0.0,0.0
584,1,7,3.0,7918.0,2639.3333333333335,1-7*,2.0,0.0,1.0,0.0,0.0,0.0,0.0,0.0,1.0,0.0,0.0
585,1,7,4.0,13072.0,3268.0,1-0-7*,3.0,1.0,1.0,0.0,0.0,0.0,0.0,0.0,1.0,0.0,0.0
586,1,7,6.0,30559.0,5093.166666666667,1-2-7*,3.0,0.0,1.0,1.0,0.0,0.0,0.0,0.0,1.0,0.0,0.0
587,1,7,6.0,25660.0,4276.666666666667,1-0-6-7*,4.0,1.0,1.0,0.0,0.0,0.0,0.0,1.0,1.0,0.0,0.0
588,1,7,7.0,30539.0,4362.714285714285,1-8-7*,3.0,0.0,1.0,0.0,0.0,0.0,0.0,0.0,1.0,1.0,0.0
634,1,8,4.0,123.0,30.75,1-8*,2.0,0.0,1.0,0.0,0.0,0.0,0.0,0.0,0.0,1.0,0.0
636,1,8,5.0,6333.0,1266.6,1-2-8*,3.0,0.0,1.0,1.0,0.0,0.0,0.0,0.0,0.0,1.0,0.0
635,1,8,5.0,1232.0,246.4,1-0-8*,3.0,1.0,1.0,0.0,0.0,0.0,0.0,0.0,0.0,1.0,0.0
638,1,8,6.0,30539.0,5089.833333333333,1-7-8*,3.0,0.0,1.0,0.0,0.0,0.0,0.0,0.0,1.0,1.0,0.0
637,1,8,6.0,7062.0,1177.0,1-0-6-8*,4.0,1.0,1.0,0.0,0.0,0.0,0.0,1.0,0.0,1.0,0.0
684,1,9,6.0,0.0,0.0,1-9*,2.0,0.0,1.0,0.0,0.0,0.0,0.0,0.0,0.0,0.0,1.0
685,1,9,7.0,1030.0,147.14285714285714,1-0-9*,3.0,1.0,1.0,0.0,0.0,0.0,0.0,0.0,0.0,0.0,1.0
688,1,9,8.0,7925.0,990.625,1-7-9*,3.0,0.0,1.0,0.0,0.0,0.0,0.0,0.0,1.0,0.0,1.0
687,1,9,8.0,6077.0,759.625,1-0-6-9*,4.0,1.0,1.0,0.0,0.0,0.0,0.0,1.0,0.0,0.0,1.0
686,1,9,8.0,3906.0,488.25,1-2-9*,3.0,0.0,1.0,1.0,0.0,0.0,0.0,0.0,0.0,0.0,1.0
783,2,3,3.0,6000.0,2000.0,2-8-3*,3.0,0.0,0.0,1.0,1.0,0.0,0.0,0.0,0.0,1.0,0.0
782,2,3,3.0,1910.0,636.6666666666666,2-3*,2.0,0.0,0.0,1.0,1.0,0.0,0.0,0.0,0.0,0.0,0.0
784,2,3,6.0,21526.0,3587.6666666666665,2-7-3*,3.0,0.0,0.0,1.0,1.0,0.0,0.0,0.0,1.0,0.0,0.0
785,2,3,6.0,12928.0,2154.6666666666665,2-5-8-3*,4.0,0.0,0.0,1.0,1.0,0.0,1.0,0.0,0.0,1.0,0.0
786,2,3,7.0,48114.0,6873.428571428572,2-7-8-3*,4.0,0.0,0.0,1.0,1.0,0.0,0.0,0.0,1.0,1.0,0.0
832,2,4,4.0,189.0,47.25,2-4*,2.0,0.0,0.0,1.0,0.0,1.0,0.0,0.0,0.0,0.0,0.0
833,2,4,5.0,2677.0,535.4,2-8-4*,3.0,0.0,0.0,1.0,0.0,1.0,0.0,0.0,0.0,1.0,0.0
834,2,4,7.0,19282.0,2754.5714285714284,2-7-4*,3.0,0.0,0.0,1.0,0.0,1.0,0.0,0.0,1.0,0.0,0.0
835,2,4,7.0,8118.0,1159.7142857142858,2-3-8-4*,4.0,0.0,0.0,1.0,1.0,1.0,0.0,0.0,0.0,1.0,0.0
837,2,4,8.0,9423.0,1177.875,2-5-8-4*,4.0,0.0,0.0,1.0,0.0,1.0,1.0,0.0,0.0,1.0,0.0
877,2,5,3.0,368.0,122.66666666666667,2-5*,2.0,0.0,0.0,1.0,0.0,0.0,1.0,0.0,0.0,0.0,0.0
878,2,5,4.0,6205.0,1551.25,2-8-5*,3.0,0.0,0.0,1.0,0.0,0.0,1.0,0.0,0.0,1.0,0.0
879,2,5,6.0,23867.0,3977.8333333333335,2-7-5*,3.0,0.0,0.0,1.0,0.0,0.0,1.0,0.0,1.0,0.0,0.0
880,2,5,6.0,12928.0,2154.6666666666665,2-3-8-5*,4.0,0.0,0.0,1.0,1.0,0.0,1.0,0.0,0.0,1.0,0.0
881,2,5,7.0,908.0,129.71428571428572,2-0-5*,3.0,1.0,0.0,1.0,0.0,0.0,1.0,0.0,0.0,0.0,0.0
923,2,6,4.0,3274.0,818.5,2-8-6*,3.0,0.0,0.0,1.0,0.0,0.0,0.0,1.0,0.0,1.0,0.0
922,2,6,4.0,151.0,37.75,2-6*,2.0,0.0,0.0,1.0,0.0,0.0,0.0,1.0,0.0,0.0,0.0
924,2,6,5.0,26463.0,5292.6,2-7-6*,3.0,0.0,0.0,1.0,0.0,0.0,0.0,1.0,1.0,0.0,0.0
926,2,6,6.0,7200.0,1200.0,2-3-8-6*,4.0,0.0,0.0,1.0,1.0,0.0,0.0,1.0,0.0,1.0,0.0
925,2,6,6.0,4867.0,811.1666666666666,2-0-6*,3.0,1.0,0.0,1.0,0.0,0.0,0.0,1.0,0.0,0.0,0.0
972,2,7,3.0,18764.0,6254.666666666667,2-7*,2.0,0.0,0.0,1.0,0.0,0.0,0.0,0.0,1.0,0.0,0.0
973,2,7,5.0,43595.0,8719.0,2-8-7*,3.0,0.0,0.0,1.0,0.0,0.0,0.0,0.0,1.0,1.0,0.0
977,2,7,6.0,52084.0,8680.666666666666,2-8-6-7*,4.0,0.0,0.0,1.0,0.0,0.0,0.0,1.0,1.0,1.0,0.0
975,2,7,6.0,48114.0,8019.0,2-8-3-7*,4.0,0.0,0.0,1.0,1.0,0.0,0.0,0.0,1.0,1.0,0.0
974,2,7,6.0,30559.0,5093.166666666667,2-1-7*,3.0,0.0,1.0,1.0,0.0,0.0,0.0,0.0,1.0,0.0,0.0
1022,2,8,2.0,2333.0,1166.5,2-8*,2.0,0.0,0.0,1.0,0.0,0.0,0.0,0.0,0.0,1.0,0.0
1023,2,8,4.0,6000.0,1500.0,2-3-8*,3.0,0.0,0.0,1.0,1.0,0.0,0.0,0.0,0.0,1.0,0.0
1024,2,8,5.0,6205.0,1241.0,2-5-8*,3.0,0.0,0.0,1.0,0.0,0.0,1.0,0.0,0.0,1.0,0.0
1025,2,8,6.0,43595.0,7265.833333333333,2-7-8*,3.0,0.0,0.0,1.0,0.0,0.0,0.0,0.0,1.0,1.0,0.0
1026,2,8,6.0,3274.0,545.6666666666666,2-6-8*,3.0,0.0,0.0,1.0,0.0,0.0,0.0,1.0,0.0,1.0,0.0
1059,2,9,5.0,29.0,5.8,2-9*,2.0,0.0,0.0,1.0,0.0,0.0,0.0,0.0,0.0,0.0,1.0
1062,2,9,6.0,6090.0,1015.0,2-8-3-9*,4.0,0.0,0.0,1.0,1.0,0.0,0.0,0.0,0.0,1.0,1.0
1060,2,9,6.0,2368.0,394.6666666666667,2-8-9*,3.0,0.0,0.0,1.0,0.0,0.0,0.0,0.0,0.0,1.0,1.0
1061,2,9,6.0,1994.0,332.3333333333333,2-3-9*,3.0,0.0,0.0,1.0,1.0,0.0,0.0,0.0,0.0,0.0,1.0
1063,2,9,7.0,425.0,60.714285714285715,2-5-9*,3.0,0.0,0.0,1.0,0.0,0.0,1.0,0.0,0.0,0.0,1.0
1151,3,4,4.0,3686.0,921.5,3-8-4*,3.0,0.0,0.0,0.0,1.0,1.0,0.0,0.0,0.0,1.0,0.0
1153,3,4,7.0,8118.0,1159.7142857142858,3-8-2-4*,4.0,0.0,0.0,1.0,1.0,1.0,0.0,0.0,0.0,1.0,0.0
1154,3,4,7.0,3873.0,553.2857142857143,3-2-4*,3.0,0.0,0.0,1.0,1.0,1.0,0.0,0.0,0.0,0.0,0.0
1155,3,4,7.0,2955.0,422.14285714285717,3-7-4*,3.0,0.0,0.0,0.0,1.0,1.0,0.0,0.0,1.0,0.0,0.0
1156,3,4,7.0,2291.0,327.2857142857143,3-9-4*,3.0,0.0,0.0,0.0,1.0,1.0,0.0,0.0,0.0,0.0,1.0
1186,3,5,3.0,8317.0,2772.3333333333335,3-8-5*,3.0,0.0,0.0,0.0,1.0,0.0,1.0,0.0,0.0,1.0,0.0
1188,3,5,6.0,12928.0,2154.6666666666665,3-8-2-5*,4.0,0.0,0.0,1.0,1.0,0.0,1.0,0.0,0.0,1.0,0.0
1190,3,5,6.0,8643.0,1440.5,3-7-5*,3.0,0.0,0.0,0.0,1.0,0.0,1.0,0.0,1.0,0.0,0.0
1189,3,5,6.0,5334.0,889.0,3-2-5*,3.0,0.0,0.0,1.0,1.0,0.0,1.0,0.0,0.0,0.0,0.0
1187,3,5,6.0,3576.0,596.0,3-0-5*,3.0,1.0,0.0,0.0,1.0,0.0,1.0,0.0,0.0,0.0,0.0
1221,3,6,3.0,2806.0,935.3333333333334,3-8-6*,3.0,0.0,0.0,0.0,1.0,0.0,0.0,1.0,0.0,1.0,0.0
1223,3,6,5.0,8659.0,1731.8,3-7-6*,3.0,0.0,0.0,0.0,1.0,0.0,0.0,1.0,1.0,0.0,0.0
1222,3,6,5.0,4955.0,991.0,3-0-6*,3.0,1.0,0.0,0.0,1.0,0.0,0.0,1.0,0.0,0.0,0.0
1225,3,6,6.0,33704.0,5617.333333333333,3-8-7-6*,4.0,0.0,0.0,0.0,1.0,0.0,0.0,1.0,1.0,1.0,0.0
1224,3,6,6.0,7581.0,1263.5,3-8-0-6*,4.0,1.0,0.0,0.0,1.0,0.0,0.0,1.0,0.0,1.0,0.0
1254,3,7,3.0,852.0,284.0,3-7*,2.0,0.0,0.0,0.0,1.0,0.0,0.0,0.0,1.0,0.0,0.0
1255,3,7,4.0,25107.0,6276.75,3-8-7*,3.0,0.0,0.0,0.0,1.0,0.0,0.0,0.0,1.0,1.0,0.0
2293,3,7,5.0,33704.0,6740.8,3-8-6-7*,4.0,0.0,0.0,0.0,1.0,0.0,0.0,1.0,1.0,1.0,0.0
1256,3,7,5.0,5033.0,1006.6,3-0-7*,3.0,1.0,0.0,0.0,1.0,0.0,0.0,0.0,1.0,0.0,0.0
2296,3,7,6.0,48114.0,8019.0,3-8-2-7*,4.0,0.0,0.0,1.0,1.0,0.0,0.0,0.0,1.0,1.0,0.0
1265,3,8,1.0,1757.0,1757.0,3-8*,2.0,0.0,0.0,0.0,1.0,0.0,0.0,0.0,0.0,1.0,0.0
1266,3,8,5.0,6000.0,1200.0,3-2-8*,3.0,0.0,0.0,1.0,1.0,0.0,0.0,0.0,0.0,1.0,0.0
1267,3,8,6.0,1893.0,315.5,3-0-8*,3.0,1.0,0.0,0.0,1.0,0.0,0.0,0.0,0.0,1.0,0.0
1270,3,8,7.0,1818.0,259.7142857142857,3-9-8*,3.0,0.0,0.0,0.0,1.0,0.0,0.0,0.0,0.0,1.0,1.0
2511,3,8,9.0,3074.0,341.55555555555554,3-0-1-8*,4.0,1.0,1.0,0.0,1.0,0.0,0.0,0.0,0.0,1.0,0.0
1273,3,9,3.0,55.0,18.333333333333332,3-9*,2.0,0.0,0.0,0.0,1.0,0.0,0.0,0.0,0.0,0.0,1.0
1274,3,9,5.0,1818.0,363.6,3-8-9*,3.0,0.0,0.0,0.0,1.0,0.0,0.0,0.0,0.0,1.0,1.0
2626,3,9,7.0,8406.0,1200.857142857143,3-8-5-9*,4.0,0.0,0.0,0.0,1.0,0.0,1.0,0.0,0.0,1.0,1.0
2627,3,9,7.0,2874.0,410.57142857142856,3-8-6-9*,4.0,0.0,0.0,0.0,1.0,0.0,0.0,1.0,0.0,1.0,1.0
2628,3,9,8.0,6090.0,761.25,3-8-2-9*,4.0,0.0,0.0,1.0,1.0,0.0,0.0,0.0,0.0,1.0,1.0
1406,4,5,5.0,6533.0,1306.6,4-8-5*,3.0,0.0,0.0,0.0,0.0,1.0,1.0,0.0,0.0,1.0,0.0
1409,4,5,7.0,7938.0,1134.0,4-7-5*,3.0,0.0,0.0,0.0,0.0,1.0,1.0,0.0,1.0,0.0,0.0
1408,4,5,7.0,3431.0,490.14285714285717,4-2-5*,3.0,0.0,0.0,1.0,0.0,1.0,1.0,0.0,0.0,0.0,0.0
1407,4,5,7.0,3390.0,484.2857142857143,4-0-5*,3.0,1.0,0.0,0.0,0.0,1.0,1.0,0.0,0.0,0.0,0.0
1410,4,5,8.0,9423.0,1177.875,4-8-2-5*,4.0,0.0,0.0,1.0,0.0,1.0,1.0,0.0,0.0,1.0,0.0
1456,4,6,5.0,1706.0,341.2,4-8-6*,3.0,0.0,0.0,0.0,0.0,1.0,0.0,1.0,0.0,1.0,0.0
1458,4,6,6.0,8638.0,1439.6666666666667,4-7-6*,3.0,0.0,0.0,0.0,0.0,1.0,0.0,1.0,1.0,0.0,0.0
1457,4,6,6.0,5453.0,908.8333333333334,4-0-6*,3.0,1.0,0.0,0.0,0.0,1.0,0.0,1.0,0.0,0.0,0.0
1463,4,6,8.0,32081.0,4010.125,4-8-7-6*,4.0,0.0,0.0,0.0,0.0,1.0,0.0,1.0,1.0,1.0,0.0
1460,4,6,8.0,17454.0,2181.75,4-0-7-6*,4.0,1.0,0.0,0.0,0.0,1.0,0.0,1.0,1.0,0.0,0.0
1506,4,7,4.0,329.0,82.25,4-7*,2.0,0.0,0.0,0.0,0.0,1.0,0.0,0.0,1.0,0.0,0.0
1507,4,7,6.0,22982.0,3830.3333333333335,4-8-7*,3.0,0.0,0.0,0.0,0.0,1.0,0.0,0.0,1.0,1.0,0.0
1508,4,7,6.0,4506.0,751.0,4-0-7*,3.0,1.0,0.0,0.0,0.0,1.0,0.0,0.0,1.0,0.0,0.0
1511,4,7,7.0,32081.0,4583.0,4-8-6-7*,4.0,0.0,0.0,0.0,0.0,1.0,0.0,1.0,1.0,1.0,0.0
1509,4,7,7.0,27365.0,3909.285714285714,4-8-3-7*,4.0,0.0,0.0,0.0,1.0,1.0,0.0,0.0,1.0,1.0,0.0
1556,4,8,3.0,155.0,51.666666666666664,4-8*,2.0,0.0,0.0,0.0,0.0,1.0,0.0,0.0,0.0,1.0,0.0
1557,4,8,6.0,2677.0,446.1666666666667,4-2-8*,3.0,0.0,0.0,1.0,0.0,1.0,0.0,0.0,0.0,1.0,0.0
1559,4,8,7.0,22982.0,3283.1428571428573,4-7-8*,3.0,0.0,0.0,0.0,0.0,1.0,0.0,0.0,1.0,1.0,0.0
1558,4,8,7.0,287.0,41.0,4-0-8*,3.0,1.0,0.0,0.0,0.0,1.0,0.0,0.0,0.0,1.0,0.0
1563,4,8,8.0,32081.0,4010.125,4-7-6-8*,4.0,0.0,0.0,0.0,0.0,1.0,0.0,1.0,1.0,1.0,0.0
1606,4,9,4.0,462.0,115.5,4-9*,2.0,0.0,0.0,0.0,0.0,1.0,0.0,0.0,0.0,0.0,1.0
1608,4,9,7.0,4209.0,601.2857142857143,4-8-3-9*,4.0,0.0,0.0,0.0,1.0,1.0,0.0,0.0,0.0,1.0,1.0
1607,4,9,7.0,623.0,89.0,4-8-9*,3.0,0.0,0.0,0.0,0.0,1.0,0.0,0.0,0.0,1.0,1.0
1610,4,9,9.0,7029.0,781.0,4-8-5-9*,4.0,0.0,0.0,0.0,0.0,1.0,1.0,0.0,0.0,1.0,1.0
1612,4,9,9.0,2181.0,242.33333333333334,4-8-6-9*,4.0,0.0,0.0,0.0,0.0,1.0,0.0,1.0,0.0,1.0,1.0
1810,5,6,4.0,20318.0,5079.5,5-8-6*,3.0,0.0,0.0,0.0,0.0,0.0,1.0,1.0,0.0,1.0,0.0
1812,5,6,5.0,28307.0,5661.4,5-7-6*,3.0,0.0,0.0,0.0,0.0,0.0,1.0,1.0,1.0,0.0,0.0
1811,5,6,5.0,21126.0,4225.2,5-0-6*,3.0,1.0,0.0,0.0,0.0,0.0,1.0,1.0,0.0,0.0,0.0
1817,5,6,7.0,55099.0,7871.285714285715,5-8-7-6*,4.0,0.0,0.0,0.0,0.0,0.0,1.0,1.0,1.0,1.0,0.0
1814,5,6,7.0,37533.0,5361.857142857143,5-0-7-6*,4.0,1.0,0.0,0.0,0.0,0.0,1.0,1.0,1.0,0.0,0.0
1860,5,7,3.0,4735.0,1578.3333333333333,5-7*,2.0,0.0,0.0,0.0,0.0,0.0,1.0,0.0,1.0,0.0,0.0
1861,5,7,5.0,30737.0,6147.4,5-8-7*,3.0,0.0,0.0,0.0,0.0,0.0,1.0,0.0,1.0,1.0,0.0
1862,5,7,5.0,9322.0,1864.4,5-0-7*,3.0,1.0,0.0,0.0,0.0,0.0,1.0,0.0,1.0,0.0,0.0
1865,5,7,6.0,55099.0,9183.166666666666,5-8-6-7*,4.0,0.0,0.0,0.0,0.0,0.0,1.0,1.0,1.0,1.0,0.0
1863,5,7,6.0,36402.0,6067.0,5-8-3-7*,4.0,0.0,0.0,0.0,1.0,0.0,1.0,0.0,1.0,1.0,0.0
1907,5,8,2.0,3504.0,1752.0,5-8*,2.0,0.0,0.0,0.0,0.0,0.0,1.0,0.0,0.0,1.0,0.0
1908,5,8,5.0,6205.0,1241.0,5-2-8*,3.0,0.0,0.0,1.0,0.0,0.0,1.0,0.0,0.0,1.0,0.0
1910,5,8,6.0,30737.0,5122.833333333333,5-7-8*,3.0,0.0,0.0,0.0,0.0,0.0,1.0,0.0,1.0,1.0,0.0
1909,5,8,6.0,4046.0,674.3333333333334,5-0-8*,3.0,1.0,0.0,0.0,0.0,0.0,1.0,0.0,0.0,1.0,0.0
1913,5,8,7.0,55099.0,7871.285714285715,5-7-6-8*,4.0,0.0,0.0,0.0,0.0,0.0,1.0,1.0,1.0,1.0,0.0
1939,5,9,4.0,28.0,7.0,5-9*,2.0,0.0,0.0,0.0,0.0,0.0,1.0,0.0,0.0,0.0,1.0
1941,5,9,6.0,8406.0,1401.0,5-8-3-9*,4.0,0.0,0.0,0.0,1.0,0.0,1.0,0.0,0.0,1.0,1.0
1940,5,9,6.0,3538.0,589.6666666666666,5-8-9*,3.0,0.0,0.0,0.0,0.0,0.0,1.0,0.0,0.0,1.0,1.0
2681,5,9,8.0,20359.0,2544.875,5-8-6-9*,4.0,0.0,0.0,0.0,0.0,0.0,1.0,1.0,0.0,1.0,1.0
1944,5,9,8.0,4770.0,596.25,5-7-9*,3.0,0.0,0.0,0.0,0.0,0.0,1.0,0.0,1.0,0.0,1.0
2155,6,7,2.0,7548.0,3774.0,6-7*,2.0,0.0,0.0,0.0,0.0,0.0,0.0,1.0,1.0,0.0,0.0
2156,6,7,4.0,16311.0,4077.75,6-0-7*,3.0,1.0,0.0,0.0,0.0,0.0,0.0,1.0,1.0,0.0,0.0
2157,6,7,5.0,30836.0,6167.2,6-8-7*,3.0,0.0,0.0,0.0,0.0,0.0,0.0,1.0,1.0,1.0,0.0
2158,6,7,6.0,33704.0,5617.333333333333,6-8-3-7*,4.0,0.0,0.0,0.0,1.0,0.0,0.0,1.0,1.0,1.0,0.0
2376,6,7,7.0,55099.0,7871.285714285715,6-8-5-7*,4.0,0.0,0.0,0.0,0.0,0.0,1.0,1.0,1.0,1.0,0.0
2180,6,8,2.0,790.0,395.0,6-8*,2.0,0.0,0.0,0.0,0.0,0.0,0.0,1.0,0.0,1.0,0.0
2182,6,8,5.0,30836.0,6167.2,6-7-8*,3.0,0.0,0.0,0.0,0.0,0.0,0.0,1.0,1.0,1.0,0.0
2181,6,8,5.0,5508.0,1101.6,6-0-8*,3.0,1.0,0.0,0.0,0.0,0.0,0.0,1.0,0.0,1.0,0.0
2523,6,8,6.0,7581.0,1263.5,6-0-3-8*,4.0,1.0,0.0,0.0,1.0,0.0,0.0,1.0,0.0,1.0,0.0
2183,6,8,6.0,3274.0,545.6666666666666,6-2-8*,3.0,0.0,0.0,1.0,0.0,0.0,0.0,1.0,0.0,1.0,0.0
2197,6,9,4.0,7.0,1.75,6-9*,2.0,0.0,0.0,0.0,0.0,0.0,0.0,1.0,0.0,0.0,1.0
2199,6,9,6.0,2874.0,479.0,6-8-3-9*,4.0,0.0,0.0,0.0,1.0,0.0,0.0,1.0,0.0,1.0,1.0
2198,6,9,6.0,803.0,133.83333333333334,6-8-9*,3.0,0.0,0.0,0.0,0.0,0.0,0.0,1.0,0.0,1.0,1.0
2201,6,9,7.0,7562.0,1080.2857142857142,6-7-9*,3.0,0.0,0.0,0.0,0.0,0.0,0.0,1.0,1.0,0.0,1.0
2200,6,9,7.0,4646.0,663.7142857142857,6-0-9*,3.0,1.0,0.0,0.0,0.0,0.0,0.0,1.0,0.0,0.0,1.0
2392,7,8,3.0,22498.0,7499.333333333333,7-8*,2.0,0.0,0.0,0.0,0.0,0.0,0.0,0.0,1.0,1.0,0.0
2393,7,8,4.0,30836.0,7709.0,7-6-8*,3.0,0.0,0.0,0.0,0.0,0.0,0.0,1.0,1.0,1.0,0.0
2394,7,8,4.0,25107.0,6276.75,7-3-8*,3.0,0.0,0.0,0.0,1.0,0.0,0.0,0.0,1.0,1.0,0.0
2396,7,8,5.0,43595.0,8719.0,7-2-8*,3.0,0.0,0.0,1.0,0.0,0.0,0.0,0.0,1.0,1.0,0.0
2397,7,8,5.0,30737.0,6147.4,7-5-8*,3.0,0.0,0.0,0.0,0.0,0.0,1.0,0.0,1.0,1.0,0.0
2442,7,9,5.0,7.0,1.4,7-9*,2.0,0.0,0.0,0.0,0.0,0.0,0.0,0.0,1.0,0.0,1.0
2443,7,9,6.0,7562.0,1260.3333333333333,7-6-9*,3.0,0.0,0.0,0.0,0.0,0.0,0.0,1.0,1.0,0.0,1.0
2444,7,9,6.0,914.0,152.33333333333334,7-3-9*,3.0,0.0,0.0,0.0,1.0,0.0,0.0,0.0,1.0,0.0,1.0
2448,7,9,7.0,25175.0,3596.4285714285716,7-8-3-9*,4.0,0.0,0.0,0.0,1.0,0.0,0.0,0.0,1.0,1.0,1.0
2447,7,9,7.0,22511.0,3215.8571428571427,7-8-9*,3.0,0.0,0.0,0.0,0.0,0.0,0.0,0.0,1.0,1.0,1.0
2543,8,9,4.0,1818.0,454.5,8-3-9*,3.0,0.0,0.0,0.0,1.0,0.0,0.0,0.0,0.0,1.0,1.0
2542,8,9,4.0,6.0,1.5,8-9*,2.0,0.0,0.0,0.0,0.0,0.0,0.0,0.0,0.0,1.0,1.0
2544,8,9,6.0,3538.0,589.6666666666666,8-5-9*,3.0,0.0,0.0,0.0,0.0,0.0,1.0,0.0,0.0,1.0,1.0
2545,8,9,6.0,803.0,133.83333333333334,8-6-9*,3.0,0.0,0.0,0.0,0.0,0.0,0.0,1.0,0.0,1.0,1.0
2546,8,9,7.0,2368.0,338.2857142857143,8-2-9*,3.0,0.0,0.0,1.0,0.0,0.0,0.0,0.0,0.0,1.0,1.0
