"V1","V2"
-0.525403466826061,0.884861407249467
-0.723849372384937,-0.667377398720682
0.898386132695756,-0.505330490405117
-0.868499701135684,-0.430703624733475
-0.478780633592349,-0.157782515991471
0.998455738528528,0.712652084586051
0.485953377166766,0.692963752665245
0.0113568439928271,-0.170575692963753
-1,0.867803837953092
-0.696353855349671,-0.936034115138593
0.526598924088464,0.0383795309168444
-0.843537769688136,-0.190240893568448
-0.801554094441124,0.782515991471215
0.0614361381674882,0.835695247977019
-0.393903167961745,-0.688699360341151
0.820681410639569,0.068230277185501
0.153616258218769,0.208955223880597
-0.893604303646145,-0.0127931769722814
-0.534967124925284,0.456289978678038
-0.960549910340705,0.394456289978678
-0.0161386730424388,-0.633262260127932
1,0.373134328358209
-0.682008368200837,0.362473347547974
-0.420203227734608,-1
-0.299462044231919,-0.477611940298508
-0.431221952797548,0.0997203647154525
-0.801554094441124,1
0.316198445905559,-0.554371002132196
-0.194261805140466,0.405117270788913
0.603108188882247,-0.321961620469083
