,Source,Target,Travel_time,Demand,Demand_per_minute,Routes
0,0,1,8.0,800.0,100.0,0-1*
1,0,2,10.0,1300.0,130.0,0-1-2*
3,0,2,25.0,3420.0,136.8,0-1-4-3-5-2*
261,0,2,23.0,3420.0,148.69565217391303,0-1-4-3-5-2*
2,0,2,18.0,2900.0,161.11111111111111,0-1-3-5-2*
6,0,3,18.0,1460.0,81.11111111111111,0-1-4-3*
4,0,3,11.0,1160.0,105.45454545454545,0-1-3*
5,0,3,17.0,2900.0,170.58823529411765,0-1-2-5-3*
7,0,4,14.0,1000.0,71.42857142857143,0-1-4*
8,0,4,15.0,1460.0,97.33333333333333,0-1-3-4*
9,0,4,21.0,3420.0,162.85714285714286,0-1-2-5-3-4*
12,0,5,22.0,2420.0,110.0,0-1-4-3-5*
11,0,5,15.0,2020.0,134.66666666666666,0-1-3-5*
652,0,5,49.0,8740.0,178.3673469387755,0-1-3-11-10-9-7-14-5*
10,0,5,13.0,2320.0,178.46153846153845,0-1-2-5*
650,0,5,46.0,8740.0,190.0,0-1-3-11-10-9-7-5*
651,0,5,22.0,9500.0,431.8181818181818,0-1-4-3-11-10-9-7-5*
653,0,5,22.0,9500.0,431.8181818181818,0-1-4-3-11-10-9-7-14-5*
17,0,6,27.0,3100.0,114.81481481481481,0-1-4-3-5-14-6*
15,0,6,20.0,2650.0,132.5,0-1-3-5-14-6*
777,0,6,27.0,3880.0,143.7037037037037,0-1-4-3-5-7-14-6*
13,0,6,18.0,3030.0,168.33333333333334,0-1-2-5-14-6*
776,0,6,20.0,3380.0,169.0,0-1-3-5-7-14-6*
16,0,6,19.0,3380.0,177.89473684210526,0-1-3-5-7-14-6*
14,0,6,19.0,3840.0,202.10526315789474,0-1-2-5-7-14-6*
22,0,6,49.0,9950.0,203.0612244897959,0-1-2-5-3-11-10-9-6*
18,0,6,19.0,3880.0,204.21052631578948,0-1-4-3-5-7-14-6*
784,0,6,51.0,10440.0,204.7058823529412,0-1-3-11-10-9-7-5-14-6*
24,0,6,50.0,11460.0,229.2,0-1-2-5-3-11-10-12-9-6*
26,0,6,50.0,12040.0,240.8,0-1-2-5-3-11-10-12-13-9-6*
20,0,6,33.0,7960.0,241.21212121212122,0-1-3-5-14-7-9-6*
19,0,6,33.0,8030.0,243.33333333333334,0-1-2-5-14-7-9-6*
21,0,6,33.0,8700.0,263.6363636363636,0-1-4-3-5-14-7-9-6*
778,0,6,30.0,8030.0,267.6666666666667,0-1-2-5-7-9-6*
782,0,6,27.0,8700.0,322.22222222222223,0-1-4-3-5-7-9-6*
783,0,6,27.0,8700.0,322.22222222222223,0-1-4-3-5-14-7-9-6*
23,0,6,35.0,11830.0,338.0,0-1-2-5-3-11-10-9-7-14-6*
780,0,6,22.0,8030.0,365.0,0-1-2-5-14-7-9-6*
25,0,6,35.0,13360.0,381.7142857142857,0-1-2-5-3-11-10-12-9-7-14-6*
779,0,6,20.0,7960.0,398.0,0-1-3-5-7-9-6*
781,0,6,20.0,7960.0,398.0,0-1-3-5-14-7-9-6*
27,0,6,35.0,13950.0,398.57142857142856,0-1-2-5-3-11-10-12-13-9-7-14-6*
785,0,6,27.0,11250.0,416.6666666666667,0-1-4-3-11-10-9-7-5-14-6*
32,0,7,24.0,3100.0,129.16666666666666,0-1-4-3-5-7*
859,0,7,24.0,3100.0,129.16666666666666,0-1-4-3-5-14-7*
31,0,7,18.0,2650.0,147.22222222222223,0-1-3-5-14-7*
29,0,7,17.0,2650.0,155.88235294117646,0-1-3-5-7*
858,0,7,17.0,2650.0,155.88235294117646,0-1-3-5-14-7*
30,0,7,18.0,3030.0,168.33333333333334,0-1-2-5-14-7*
33,0,7,18.0,3100.0,172.22222222222223,0-1-4-3-5-14-7*
34,0,7,50.0,9950.0,199.0,0-1-2-5-3-11-10-9-7*
28,0,7,15.0,3030.0,202.0,0-1-2-5-7*
36,0,7,51.0,11460.0,224.7058823529412,0-1-2-5-3-11-10-12-9-7*
38,0,7,51.0,12040.0,236.07843137254903,0-1-2-5-3-11-10-12-13-9-7*
860,0,7,33.0,8030.0,243.33333333333334,0-1-2-5-14-6-9-7*
35,0,7,34.0,11830.0,347.94117647058823,0-1-2-5-3-11-10-9-6-14-7*
862,0,7,24.0,8700.0,362.5,0-1-4-3-5-14-6-9-7*
37,0,7,34.0,13360.0,392.94117647058823,0-1-2-5-3-11-10-12-9-6-14-7*
39,0,7,34.0,13950.0,410.29411764705884,0-1-2-5-3-11-10-12-13-9-6-14-7*
861,0,7,17.0,7960.0,468.2352941176471,0-1-3-5-14-6-9-7*
44,0,8,33.0,2620.0,79.39393939393939,0-1-4-3-5-14-8*
42,0,8,26.0,2200.0,84.61538461538461,0-1-3-5-14-8*
910,0,8,33.0,3330.0,100.9090909090909,0-1-4-3-5-7-14-8*
40,0,8,24.0,2500.0,104.16666666666667,0-1-2-5-14-8*
909,0,8,26.0,2860.0,110.0,0-1-3-5-7-14-8*
43,0,8,25.0,2860.0,114.4,0-1-3-5-7-14-8*
41,0,8,25.0,3240.0,129.6,0-1-2-5-7-14-8*
45,0,8,25.0,3330.0,133.2,0-1-4-3-5-7-14-8*
914,0,8,57.0,9280.0,162.80701754385964,0-1-3-11-10-9-7-5-14-8*
46,0,8,59.0,10520.0,178.3050847457627,0-1-2-5-3-11-10-9-6-14-8*
48,0,8,60.0,12030.0,200.5,0-1-2-5-3-11-10-12-9-6-14-8*
50,0,8,60.0,12610.0,210.16666666666666,0-1-2-5-3-11-10-12-13-9-6-14-8*
911,0,8,40.0,8550.0,213.75,0-1-2-5-7-9-6-14-8*
47,0,8,41.0,10520.0,256.5853658536585,0-1-2-5-3-11-10-9-7-14-8*
913,0,8,33.0,9240.0,280.0,0-1-4-3-5-7-9-6-14-8*
49,0,8,41.0,12030.0,293.4146341463415,0-1-2-5-3-11-10-12-9-7-14-8*
915,0,8,33.0,10060.0,304.8484848484849,0-1-4-3-11-10-9-7-5-14-8*
51,0,8,41.0,12610.0,307.5609756097561,0-1-2-5-3-11-10-12-13-9-7-14-8*
912,0,8,26.0,8480.0,326.15384615384613,0-1-3-5-7-9-6-14-8*
981,0,9,36.0,4370.0,121.38888888888889,0-1-3-11-10-9*
983,0,9,46.0,5810.0,126.30434782608695,0-1-3-11-10-12-9*
982,0,9,32.0,4980.0,155.625,0-1-4-3-11-10-9*
64,0,9,42.0,8170.0,194.52380952380952,0-1-2-5-3-11-10-9*
60,0,9,32.0,7040.0,220.0,0-1-4-3-5-7-9*
978,0,9,32.0,7040.0,220.0,0-1-4-3-5-14-6-9*
979,0,9,32.0,7040.0,220.0,0-1-4-3-5-14-7-9*
65,0,9,43.0,9660.0,224.65116279069767,0-1-2-5-3-11-10-12-9*
66,0,9,43.0,10230.0,237.90697674418604,0-1-2-5-3-11-10-12-13-9*
58,0,9,26.0,6340.0,243.84615384615384,0-1-2-5-14-7-9*
59,0,9,26.0,6350.0,244.23076923076923,0-1-3-5-14-7-9*
54,0,9,25.0,6340.0,253.6,0-1-2-5-14-6-9*
53,0,9,25.0,6350.0,254.0,0-1-3-5-7-9*
55,0,9,25.0,6350.0,254.0,0-1-3-5-14-6-9*
976,0,9,25.0,6350.0,254.0,0-1-3-5-14-7-9*
63,0,9,26.0,7040.0,270.7692307692308,0-1-4-3-5-14-7-9*
980,0,9,32.0,8700.0,271.875,0-1-4-3-5-7-14-6-9*
52,0,9,23.0,6340.0,275.6521739130435,0-1-2-5-7-9*
61,0,9,25.0,7040.0,281.6,0-1-4-3-5-14-6-9*
57,0,9,26.0,7960.0,306.15384615384613,0-1-3-5-7-14-6-9*
56,0,9,26.0,8030.0,308.84615384615387,0-1-2-5-7-14-6-9*
977,0,9,25.0,7960.0,318.4,0-1-3-5-7-14-6-9*
62,0,9,26.0,8700.0,334.61538461538464,0-1-4-3-5-7-14-6-9*
79,0,10,37.0,3560.0,96.21621621621621,0-1-2-5-3-11-10*
75,0,10,37.0,8650.0,233.78378378378378,0-1-4-3-5-7-9-10*
1094,0,10,37.0,8650.0,233.78378378378378,0-1-4-3-5-14-6-9-10*
1095,0,10,37.0,8650.0,233.78378378378378,0-1-4-3-5-14-7-9-10*
80,0,10,38.0,9220.0,242.6315789473684,0-1-2-5-7-9-12-10*
81,0,10,38.0,9270.0,243.94736842105263,0-1-3-5-7-9-12-10*
73,0,10,31.0,7870.0,253.8709677419355,0-1-2-5-14-7-9-10*
74,0,10,31.0,7920.0,255.48387096774192,0-1-3-5-14-7-9-10*
69,0,10,30.0,7870.0,262.3333333333333,0-1-2-5-14-6-9-10*
68,0,10,30.0,7920.0,264.0,0-1-3-5-7-9-10*
70,0,10,30.0,7920.0,264.0,0-1-3-5-14-6-9-10*
1092,0,10,30.0,7920.0,264.0,0-1-3-5-14-7-9-10*
78,0,10,31.0,8650.0,279.03225806451616,0-1-4-3-5-14-7-9-10*
1096,0,10,37.0,10380.0,280.5405405405405,0-1-4-3-5-7-14-6-9-10*
67,0,10,28.0,7870.0,281.07142857142856,0-1-2-5-7-9-10*
76,0,10,30.0,8650.0,288.3333333333333,0-1-4-3-5-14-6-9-10*
1097,0,10,30.0,9220.0,307.3333333333333,0-1-2-5-14-6-9-12-10*
1098,0,10,30.0,9270.0,309.0,0-1-3-5-7-9-12-10*
72,0,10,31.0,9600.0,309.6774193548387,0-1-3-5-7-14-6-9-10*
71,0,10,31.0,9630.0,310.64516129032256,0-1-2-5-7-14-6-9-10*
1093,0,10,30.0,9600.0,320.0,0-1-3-5-7-14-6-9-10*
77,0,10,31.0,10380.0,334.83870967741933,0-1-4-3-5-7-14-6-9-10*
84,0,11,28.0,1610.0,57.5,0-1-4-3-11*
82,0,11,21.0,1280.0,60.95238095238095,0-1-3-11*
83,0,11,27.0,3070.0,113.70370370370371,0-1-2-5-3-11*
85,0,11,40.0,8740.0,218.5,0-1-3-5-7-9-10-11*
87,0,11,40.0,8740.0,218.5,0-1-3-5-14-6-9-10-11*
86,0,11,40.0,9500.0,237.5,0-1-4-3-5-7-9-10-11*
88,0,11,40.0,9500.0,237.5,0-1-4-3-5-14-6-9-10-11*
101,0,12,36.0,7500.0,208.33333333333334,0-1-2-5-14-7-9-12*
103,0,12,36.0,7510.0,208.61111111111111,0-1-3-5-14-7-9-12*
93,0,12,35.0,7500.0,214.28571428571428,0-1-2-5-14-6-9-12*
91,0,12,35.0,7510.0,214.57142857142858,0-1-3-5-7-9-12*
95,0,12,35.0,7510.0,214.57142857142858,0-1-3-5-14-6-9-12*
1250,0,12,35.0,7510.0,214.57142857142858,0-1-3-5-14-7-9-12*
1251,0,12,36.0,8040.0,223.33333333333334,0-1-2-5-14-7-9-13-12*
89,0,12,33.0,7500.0,227.27272727272728,0-1-2-5-7-9-12*
1244,0,12,35.0,8040.0,229.71428571428572,0-1-2-5-14-6-9-13-12*
1245,0,12,35.0,8050.0,230.0,0-1-3-5-7-9-13-12*
1248,0,12,35.0,8050.0,230.0,0-1-3-5-14-6-9-13-12*
1243,0,12,33.0,8040.0,243.63636363636363,0-1-2-5-7-9-13-12*
99,0,12,36.0,9140.0,253.88888888888889,0-1-3-5-7-14-6-9-12*
97,0,12,36.0,9210.0,255.83333333333334,0-1-2-5-7-14-6-9-12*
1246,0,12,35.0,9220.0,263.42857142857144,0-1-2-5-14-6-9-10-12*
1247,0,12,35.0,9270.0,264.85714285714283,0-1-3-5-7-9-10-12*
1249,0,12,35.0,9270.0,264.85714285714283,0-1-3-5-14-6-9-10-12*
90,0,12,33.0,9220.0,279.3939393939394,0-1-2-5-7-9-10-12*
94,0,12,33.0,9220.0,279.3939393939394,0-1-2-5-14-6-9-10-12*
102,0,12,33.0,9220.0,279.3939393939394,0-1-2-5-14-7-9-10-12*
92,0,12,33.0,9270.0,280.90909090909093,0-1-3-5-7-9-10-12*
96,0,12,33.0,9270.0,280.90909090909093,0-1-3-5-14-6-9-10-12*
100,0,12,33.0,10970.0,332.42424242424244,0-1-3-5-7-14-6-9-10-12*
98,0,12,33.0,11000.0,333.3333333333333,0-1-2-5-7-14-6-9-10-12*
110,0,13,34.0,6790.0,199.7058823529412,0-1-2-5-14-7-9-13*
111,0,13,34.0,6800.0,200.0,0-1-3-5-14-7-9-13*
106,0,13,33.0,6790.0,205.75757575757575,0-1-2-5-14-6-9-13*
105,0,13,33.0,6800.0,206.06060606060606,0-1-3-5-7-9-13*
107,0,13,33.0,6800.0,206.06060606060606,0-1-3-5-14-6-9-13*
1362,0,13,33.0,6800.0,206.06060606060606,0-1-3-5-14-7-9-13*
1364,0,13,37.0,8050.0,217.56756756756758,0-1-3-5-7-9-12-13*
104,0,13,31.0,6790.0,219.03225806451613,0-1-2-5-7-9-13*
112,0,13,35.0,8040.0,229.71428571428572,0-1-2-5-7-9-12-13*
114,0,13,35.0,8040.0,229.71428571428572,0-1-2-5-14-6-9-12-13*
118,0,13,35.0,8040.0,229.71428571428572,0-1-2-5-14-7-9-12-13*
113,0,13,35.0,8050.0,230.0,0-1-3-5-7-9-12-13*
115,0,13,35.0,8050.0,230.0,0-1-3-5-14-6-9-12-13*
1368,0,13,34.0,8040.0,236.47058823529412,0-1-2-5-14-7-9-12-13*
1366,0,13,33.0,8040.0,243.63636363636363,0-1-2-5-14-6-9-12-13*
1367,0,13,33.0,8050.0,243.93939393939394,0-1-3-5-14-6-9-12-13*
1369,0,13,33.0,8050.0,243.93939393939394,0-1-3-5-14-7-9-12-13*
109,0,13,34.0,8420.0,247.64705882352942,0-1-3-5-7-14-6-9-13*
108,0,13,34.0,8490.0,249.7058823529412,0-1-2-5-7-14-6-9-13*
1363,0,13,33.0,8420.0,255.15151515151516,0-1-3-5-7-14-6-9-13*
1365,0,13,31.0,8040.0,259.35483870967744,0-1-2-5-7-9-12-13*
117,0,13,35.0,9690.0,276.85714285714283,0-1-3-5-7-14-6-9-12-13*
116,0,13,35.0,9760.0,278.85714285714283,0-1-2-5-7-14-6-9-12-13*
1370,0,13,34.0,9760.0,287.05882352941177,0-1-2-5-7-14-6-9-12-13*
123,0,14,25.0,2420.0,96.8,0-1-4-3-5-14*
121,0,14,18.0,2020.0,112.22222222222223,0-1-3-5-14*
1471,0,14,25.0,3100.0,124.0,0-1-4-3-5-7-14*
119,0,14,16.0,2320.0,145.0,0-1-2-5-14*
1470,0,14,18.0,2650.0,147.22222222222223,0-1-3-5-7-14*
122,0,14,17.0,2650.0,155.88235294117646,0-1-3-5-7-14*
120,0,14,17.0,3030.0,178.23529411764707,0-1-2-5-7-14*
1475,0,14,49.0,8740.0,178.3673469387755,0-1-3-11-10-9-7-5-14*
124,0,14,17.0,3100.0,182.35294117647058,0-1-4-3-5-7-14*
125,0,14,51.0,9950.0,195.09803921568627,0-1-2-5-3-11-10-9-6-14*
127,0,14,52.0,11460.0,220.3846153846154,0-1-2-5-3-11-10-12-9-6-14*
129,0,14,52.0,12040.0,231.53846153846155,0-1-2-5-3-11-10-12-13-9-6-14*
1472,0,14,32.0,8030.0,250.9375,0-1-2-5-7-9-6-14*
126,0,14,33.0,9950.0,301.5151515151515,0-1-2-5-3-11-10-9-7-14*
128,0,14,33.0,11460.0,347.27272727272725,0-1-2-5-3-11-10-12-9-7-14*
1474,0,14,25.0,8700.0,348.0,0-1-4-3-5-7-9-6-14*
130,0,14,33.0,12040.0,364.8484848484849,0-1-2-5-3-11-10-12-13-9-7-14*
1476,0,14,25.0,9500.0,380.0,0-1-4-3-11-10-9-7-5-14*
1473,0,14,18.0,7960.0,442.22222222222223,0-1-3-5-7-9-6-14*
131,1,2,2.0,100.0,50.0,1-2*
133,1,2,17.0,1640.0,96.47058823529412,1-4-3-5-2*
262,1,2,15.0,1640.0,109.33333333333333,1-4-3-5-2*
132,1,2,10.0,1280.0,128.0,1-3-5-2*
136,1,3,10.0,380.0,38.0,1-4-3*
134,1,3,3.0,240.0,80.0,1-3*
135,1,3,9.0,1280.0,142.22222222222223,1-2-5-3*
137,1,4,6.0,40.0,6.666666666666667,1-4*
138,1,4,7.0,380.0,54.285714285714285,1-3-4*
139,1,4,13.0,1640.0,126.15384615384616,1-2-5-3-4*
142,1,5,14.0,1040.0,74.28571428571429,1-4-3-5*
141,1,5,7.0,800.0,114.28571428571429,1-3-5*
140,1,5,5.0,820.0,164.0,1-2-5*
656,1,5,41.0,6940.0,169.26829268292684,1-3-11-10-9-7-14-5*
654,1,5,38.0,6940.0,182.6315789473684,1-3-11-10-9-7-5*
655,1,5,14.0,7540.0,538.5714285714286,1-4-3-11-10-9-7-5*
657,1,5,14.0,7540.0,538.5714285714286,1-4-3-11-10-9-7-14-5*
147,1,6,19.0,1570.0,82.63157894736842,1-4-3-5-14-6*
145,1,6,12.0,1280.0,106.66666666666667,1-3-5-14-6*
787,1,6,19.0,2200.0,115.78947368421052,1-4-3-5-7-14-6*
143,1,6,10.0,1380.0,138.0,1-2-5-14-6*
786,1,6,12.0,1860.0,155.0,1-3-5-7-14-6*
146,1,6,11.0,1860.0,169.0909090909091,1-3-5-7-14-6*
144,1,6,11.0,2040.0,185.45454545454547,1-2-5-7-14-6*
152,1,6,41.0,7750.0,189.02439024390245,1-2-5-3-11-10-9-6*
794,1,6,43.0,8490.0,197.4418604651163,1-3-11-10-9-7-5-14-6*
148,1,6,11.0,2200.0,200.0,1-4-3-5-7-14-6*
154,1,6,42.0,9190.0,218.8095238095238,1-2-5-3-11-10-12-9-6*
156,1,6,42.0,9770.0,232.61904761904762,1-2-5-3-11-10-12-13-9-6*
149,1,6,25.0,5910.0,236.4,1-2-5-14-7-9-6*
150,1,6,25.0,6120.0,244.8,1-3-5-14-7-9-6*
151,1,6,25.0,6700.0,268.0,1-4-3-5-14-7-9-6*
788,1,6,22.0,5910.0,268.6363636363636,1-2-5-7-9-6*
153,1,6,27.0,9480.0,351.1111111111111,1-2-5-3-11-10-9-7-14-6*
792,1,6,19.0,6700.0,352.63157894736844,1-4-3-5-7-9-6*
793,1,6,19.0,6700.0,352.63157894736844,1-4-3-5-14-7-9-6*
155,1,6,27.0,10940.0,405.18518518518516,1-2-5-3-11-10-12-9-7-14-6*
790,1,6,14.0,5910.0,422.14285714285717,1-2-5-14-7-9-6*
157,1,6,27.0,11530.0,427.037037037037,1-2-5-3-11-10-12-13-9-7-14-6*
795,1,6,19.0,9140.0,481.05263157894734,1-4-3-11-10-9-7-5-14-6*
789,1,6,12.0,6120.0,510.0,1-3-5-7-9-6*
791,1,6,12.0,6120.0,510.0,1-3-5-14-7-9-6*
162,1,7,16.0,1570.0,98.125,1-4-3-5-7*
864,1,7,16.0,1570.0,98.125,1-4-3-5-14-7*
161,1,7,10.0,1280.0,128.0,1-3-5-14-7*
160,1,7,10.0,1380.0,138.0,1-2-5-14-7*
159,1,7,9.0,1280.0,142.22222222222223,1-3-5-7*
863,1,7,9.0,1280.0,142.22222222222223,1-3-5-14-7*
163,1,7,10.0,1570.0,157.0,1-4-3-5-14-7*
164,1,7,42.0,7750.0,184.52380952380952,1-2-5-3-11-10-9-7*
158,1,7,7.0,1380.0,197.14285714285714,1-2-5-7*
166,1,7,43.0,9190.0,213.72093023255815,1-2-5-3-11-10-12-9-7*
168,1,7,43.0,9770.0,227.2093023255814,1-2-5-3-11-10-12-13-9-7*
865,1,7,25.0,5910.0,236.4,1-2-5-14-6-9-7*
165,1,7,26.0,9480.0,364.61538461538464,1-2-5-3-11-10-9-6-14-7*
867,1,7,16.0,6700.0,418.75,1-4-3-5-14-6-9-7*
167,1,7,26.0,10940.0,420.7692307692308,1-2-5-3-11-10-12-9-6-14-7*
169,1,7,26.0,11530.0,443.46153846153845,1-2-5-3-11-10-12-13-9-6-14-7*
866,1,7,9.0,6120.0,680.0,1-3-5-14-6-9-7*
174,1,8,25.0,1180.0,47.2,1-4-3-5-14-8*
172,1,8,18.0,920.0,51.111111111111114,1-3-5-14-8*
170,1,8,16.0,940.0,58.75,1-2-5-14-8*
917,1,8,25.0,1740.0,69.6,1-4-3-5-7-14-8*
916,1,8,18.0,1430.0,79.44444444444444,1-3-5-7-14-8*
173,1,8,17.0,1430.0,84.11764705882354,1-3-5-7-14-8*
171,1,8,17.0,1530.0,90.0,1-2-5-7-14-8*
175,1,8,17.0,1740.0,102.3529411764706,1-4-3-5-7-14-8*
921,1,8,49.0,7420.0,151.42857142857142,1-3-11-10-9-7-5-14-8*
176,1,8,51.0,8260.0,161.9607843137255,1-2-5-3-11-10-9-6-14-8*
178,1,8,52.0,9700.0,186.53846153846155,1-2-5-3-11-10-12-9-6-14-8*
180,1,8,52.0,10280.0,197.69230769230768,1-2-5-3-11-10-12-13-9-6-14-8*
918,1,8,32.0,6370.0,199.0625,1-2-5-7-9-6-14-8*
177,1,8,33.0,8260.0,250.3030303030303,1-2-5-3-11-10-9-7-14-8*
920,1,8,25.0,7180.0,287.2,1-4-3-5-7-9-6-14-8*
179,1,8,33.0,9700.0,293.93939393939394,1-2-5-3-11-10-12-9-7-14-8*
181,1,8,33.0,10280.0,311.5151515151515,1-2-5-3-11-10-12-13-9-7-14-8*
922,1,8,25.0,8040.0,321.6,1-4-3-11-10-9-7-5-14-8*
919,1,8,18.0,6580.0,365.55555555555554,1-3-5-7-9-6-14-8*
989,1,9,28.0,3020.0,107.85714285714286,1-3-11-10-9*
991,1,9,38.0,4390.0,115.52631578947368,1-3-11-10-12-9*
990,1,9,24.0,3470.0,144.58333333333334,1-4-3-11-10-9*
194,1,9,34.0,6120.0,180.0,1-2-5-3-11-10-9*
195,1,9,35.0,7540.0,215.42857142857142,1-2-5-3-11-10-12-9*
190,1,9,24.0,5190.0,216.25,1-4-3-5-7-9*
986,1,9,24.0,5190.0,216.25,1-4-3-5-14-6-9*
987,1,9,24.0,5190.0,216.25,1-4-3-5-14-7-9*
196,1,9,35.0,8110.0,231.71428571428572,1-2-5-3-11-10-12-13-9*
188,1,9,18.0,4370.0,242.77777777777777,1-2-5-14-7-9*
184,1,9,17.0,4370.0,257.05882352941177,1-2-5-14-6-9*
189,1,9,18.0,4660.0,258.8888888888889,1-3-5-14-7-9*
183,1,9,17.0,4660.0,274.11764705882354,1-3-5-7-9*
185,1,9,17.0,4660.0,274.11764705882354,1-3-5-14-6-9*
984,1,9,17.0,4660.0,274.11764705882354,1-3-5-14-7-9*
988,1,9,24.0,6700.0,279.1666666666667,1-4-3-5-7-14-6-9*
193,1,9,18.0,5190.0,288.3333333333333,1-4-3-5-14-7-9*
182,1,9,15.0,4370.0,291.3333333333333,1-2-5-7-9*
191,1,9,17.0,5190.0,305.29411764705884,1-4-3-5-14-6-9*
186,1,9,18.0,5910.0,328.3333333333333,1-2-5-7-14-6-9*
187,1,9,18.0,6120.0,340.0,1-3-5-7-14-6-9*
985,1,9,17.0,6120.0,360.0,1-3-5-7-14-6-9*
192,1,9,18.0,6700.0,372.22222222222223,1-4-3-5-7-14-6-9*
209,1,10,29.0,1830.0,63.10344827586207,1-2-5-3-11-10*
205,1,10,29.0,6740.0,232.41379310344828,1-4-3-5-7-9-10*
1101,1,10,29.0,6740.0,232.41379310344828,1-4-3-5-14-6-9-10*
1102,1,10,29.0,6740.0,232.41379310344828,1-4-3-5-14-7-9-10*
210,1,10,30.0,7120.0,237.33333333333334,1-2-5-7-9-12-10*
211,1,10,30.0,7450.0,248.33333333333334,1-3-5-7-9-12-10*
203,1,10,23.0,5840.0,253.91304347826087,1-2-5-14-7-9-10*
199,1,10,22.0,5840.0,265.45454545454544,1-2-5-14-6-9-10*
204,1,10,23.0,6170.0,268.2608695652174,1-3-5-14-7-9-10*
198,1,10,22.0,6170.0,280.45454545454544,1-3-5-7-9-10*
200,1,10,22.0,6170.0,280.45454545454544,1-3-5-14-6-9-10*
1099,1,10,22.0,6170.0,280.45454545454544,1-3-5-14-7-9-10*
1103,1,10,29.0,8320.0,286.8965517241379,1-4-3-5-7-14-6-9-10*
197,1,10,20.0,5840.0,292.0,1-2-5-7-9-10*
208,1,10,23.0,6740.0,293.04347826086956,1-4-3-5-14-7-9-10*
206,1,10,22.0,6740.0,306.3636363636364,1-4-3-5-14-6-9-10*
1104,1,10,22.0,7120.0,323.6363636363636,1-2-5-14-6-9-12-10*
201,1,10,23.0,7450.0,323.9130434782609,1-2-5-7-14-6-9-10*
202,1,10,23.0,7700.0,334.7826086956522,1-3-5-7-14-6-9-10*
1105,1,10,22.0,7450.0,338.6363636363636,1-3-5-7-9-12-10*
1100,1,10,22.0,7700.0,350.0,1-3-5-7-14-6-9-10*
207,1,10,23.0,8320.0,361.7391304347826,1-4-3-5-7-14-6-9-10*
212,1,11,13.0,310.0,23.846153846153847,1-3-11*
214,1,11,20.0,480.0,24.0,1-4-3-11*
213,1,11,19.0,1400.0,73.6842105263158,1-2-5-3-11*
215,1,11,32.0,6940.0,216.875,1-3-5-7-9-10-11*
217,1,11,32.0,6940.0,216.875,1-3-5-14-6-9-10-11*
216,1,11,32.0,7540.0,235.625,1-4-3-5-7-9-10-11*
218,1,11,32.0,7540.0,235.625,1-4-3-5-14-6-9-10-11*
231,1,12,28.0,5460.0,195.0,1-2-5-14-7-9-12*
223,1,12,27.0,5460.0,202.22222222222223,1-2-5-14-6-9-12*
233,1,12,28.0,5750.0,205.35714285714286,1-3-5-14-7-9-12*
221,1,12,27.0,5750.0,212.96296296296296,1-3-5-7-9-12*
225,1,12,27.0,5750.0,212.96296296296296,1-3-5-14-6-9-12*
1259,1,12,27.0,5750.0,212.96296296296296,1-3-5-14-7-9-12*
1260,1,12,28.0,6000.0,214.28571428571428,1-2-5-14-7-9-13-12*
219,1,12,25.0,5460.0,218.4,1-2-5-7-9-12*
1253,1,12,27.0,6000.0,222.22222222222223,1-2-5-14-6-9-13-12*
1254,1,12,27.0,6290.0,232.96296296296296,1-3-5-7-9-13-12*
1257,1,12,27.0,6290.0,232.96296296296296,1-3-5-14-6-9-13-12*
1252,1,12,25.0,6000.0,240.0,1-2-5-7-9-13-12*
227,1,12,28.0,7020.0,250.71428571428572,1-2-5-7-14-6-9-12*
229,1,12,28.0,7230.0,258.2142857142857,1-3-5-7-14-6-9-12*
1255,1,12,27.0,7120.0,263.7037037037037,1-2-5-14-6-9-10-12*
1256,1,12,27.0,7450.0,275.9259259259259,1-3-5-7-9-10-12*
1258,1,12,27.0,7450.0,275.9259259259259,1-3-5-14-6-9-10-12*
220,1,12,25.0,7120.0,284.8,1-2-5-7-9-10-12*
224,1,12,25.0,7120.0,284.8,1-2-5-14-6-9-10-12*
232,1,12,25.0,7120.0,284.8,1-2-5-14-7-9-10-12*
222,1,12,25.0,7450.0,298.0,1-3-5-7-9-10-12*
226,1,12,25.0,7450.0,298.0,1-3-5-14-6-9-10-12*
228,1,12,25.0,8750.0,350.0,1-2-5-7-14-6-9-10-12*
230,1,12,25.0,9000.0,360.0,1-3-5-7-14-6-9-10-12*
240,1,13,26.0,4820.0,185.3846153846154,1-2-5-14-7-9-13*
236,1,13,25.0,4820.0,192.8,1-2-5-14-6-9-13*
241,1,13,26.0,5110.0,196.53846153846155,1-3-5-14-7-9-13*
235,1,13,25.0,5110.0,204.4,1-3-5-7-9-13*
237,1,13,25.0,5110.0,204.4,1-3-5-14-6-9-13*
1371,1,13,25.0,5110.0,204.4,1-3-5-14-7-9-13*
234,1,13,23.0,4820.0,209.56521739130434,1-2-5-7-9-13*
1373,1,13,29.0,6290.0,216.89655172413794,1-3-5-7-9-12-13*
242,1,13,27.0,6000.0,222.22222222222223,1-2-5-7-9-12-13*
244,1,13,27.0,6000.0,222.22222222222223,1-2-5-14-6-9-12-13*
248,1,13,27.0,6000.0,222.22222222222223,1-2-5-14-7-9-12-13*
1377,1,13,26.0,6000.0,230.76923076923077,1-2-5-14-7-9-12-13*
243,1,13,27.0,6290.0,232.96296296296296,1-3-5-7-9-12-13*
245,1,13,27.0,6290.0,232.96296296296296,1-3-5-14-6-9-12-13*
1375,1,13,25.0,6000.0,240.0,1-2-5-14-6-9-12-13*
238,1,13,26.0,6370.0,245.0,1-2-5-7-14-6-9-13*
1376,1,13,25.0,6290.0,251.6,1-3-5-14-6-9-12-13*
1378,1,13,25.0,6290.0,251.6,1-3-5-14-7-9-12-13*
239,1,13,26.0,6580.0,253.07692307692307,1-3-5-7-14-6-9-13*
1374,1,13,23.0,6000.0,260.8695652173913,1-2-5-7-9-12-13*
1372,1,13,25.0,6580.0,263.2,1-3-5-7-14-6-9-13*
246,1,13,27.0,7570.0,280.3703703703704,1-2-5-7-14-6-9-12-13*
247,1,13,27.0,7780.0,288.14814814814815,1-3-5-7-14-6-9-12-13*
1379,1,13,26.0,7570.0,291.15384615384613,1-2-5-7-14-6-9-12-13*
253,1,14,17.0,1040.0,61.1764705882353,1-4-3-5-14*
251,1,14,10.0,800.0,80.0,1-3-5-14*
1478,1,14,17.0,1570.0,92.3529411764706,1-4-3-5-7-14*
249,1,14,8.0,820.0,102.5,1-2-5-14*
1477,1,14,10.0,1280.0,128.0,1-3-5-7-14*
252,1,14,9.0,1280.0,142.22222222222223,1-3-5-7-14*
250,1,14,9.0,1380.0,153.33333333333334,1-2-5-7-14*
1482,1,14,41.0,6940.0,169.26829268292684,1-3-11-10-9-7-5-14*
254,1,14,9.0,1570.0,174.44444444444446,1-4-3-5-7-14*
255,1,14,43.0,7750.0,180.2325581395349,1-2-5-3-11-10-9-6-14*
257,1,14,44.0,9190.0,208.86363636363637,1-2-5-3-11-10-12-9-6-14*
259,1,14,44.0,9770.0,222.04545454545453,1-2-5-3-11-10-12-13-9-6-14*
1479,1,14,24.0,5910.0,246.25,1-2-5-7-9-6-14*
256,1,14,25.0,7750.0,310.0,1-2-5-3-11-10-9-7-14*
258,1,14,25.0,9190.0,367.6,1-2-5-3-11-10-12-9-7-14*
260,1,14,25.0,9770.0,390.8,1-2-5-3-11-10-12-13-9-7-14*
1481,1,14,17.0,6700.0,394.11764705882354,1-4-3-5-7-9-6-14*
1483,1,14,17.0,7540.0,443.52941176470586,1-4-3-11-10-9-7-5-14*
1480,1,14,10.0,6120.0,612.0,1-3-5-7-9-6-14*
373,2,3,12.0,620.0,51.666666666666664,2-1-4-3*
263,2,3,5.0,360.0,72.0,2-1-3*
264,2,3,7.0,580.0,82.85714285714286,2-5-3*
265,2,4,8.0,260.0,32.5,2-1-4*
266,2,4,9.0,620.0,68.88888888888889,2-1-3-4*
267,2,4,11.0,900.0,81.81818181818181,2-5-3-4*
518,2,4,16.0,1640.0,102.5,2-5-3-1-4*
268,2,4,14.0,1640.0,117.14285714285714,2-5-3-1-4*
658,2,5,16.0,1640.0,102.5,2-1-4-3-5*
269,2,5,3.0,360.0,120.0,2-5*
270,2,5,9.0,1280.0,142.22222222222223,2-1-3-5*
661,2,5,43.0,7750.0,180.2325581395349,2-1-3-11-10-9-7-14-5*
659,2,5,40.0,7750.0,193.75,2-1-3-11-10-9-7-5*
660,2,5,16.0,8470.0,529.375,2-1-4-3-11-10-9-7-5*
662,2,5,16.0,8470.0,529.375,2-1-4-3-11-10-9-7-14-5*
271,2,6,8.0,740.0,92.5,2-5-14-6*
801,2,6,21.0,2350.0,111.9047619047619,2-1-4-3-5-14-6*
272,2,6,9.0,1220.0,135.55555555555554,2-5-7-14-6*
273,2,6,14.0,1940.0,138.57142857142858,2-1-3-5-14-6*
802,2,6,21.0,3160.0,150.47619047619048,2-1-4-3-5-7-14-6*
277,2,6,39.0,6550.0,167.94871794871796,2-5-3-11-10-9-6*
796,2,6,14.0,2700.0,192.85714285714286,2-1-3-5-7-14-6*
279,2,6,40.0,7970.0,199.25,2-5-3-11-10-12-9-6*
275,2,6,23.0,4830.0,210.0,2-5-14-7-9-6*
805,2,6,45.0,9480.0,210.66666666666666,2-1-3-11-10-9-7-5-14-6*
281,2,6,40.0,8540.0,213.5,2-5-3-11-10-12-13-9-6*
797,2,6,20.0,4830.0,241.5,2-5-7-9-6*
274,2,6,9.0,2700.0,300.0,2-1-3-5-7-14-6*
276,2,6,23.0,7050.0,306.5217391304348,2-1-3-5-14-7-9-6*
278,2,6,25.0,8100.0,324.0,2-5-3-11-10-9-7-14-6*
803,2,6,21.0,7750.0,369.04761904761904,2-1-4-3-5-7-9-6*
804,2,6,21.0,7750.0,369.04761904761904,2-1-4-3-5-14-7-9-6*
280,2,6,25.0,9540.0,381.6,2-5-3-11-10-12-9-7-14-6*
798,2,6,12.0,4830.0,402.5,2-5-14-7-9-6*
282,2,6,25.0,10120.0,404.8,2-5-3-11-10-12-13-9-7-14-6*
806,2,6,21.0,10250.0,488.0952380952381,2-1-4-3-11-10-9-7-5-14-6*
799,2,6,14.0,7050.0,503.57142857142856,2-1-3-5-7-9-6*
800,2,6,14.0,7050.0,503.57142857142856,2-1-3-5-14-7-9-6*
284,2,7,8.0,740.0,92.5,2-5-14-7*
869,2,7,18.0,2350.0,130.55555555555554,2-1-4-3-5-7*
870,2,7,18.0,2350.0,130.55555555555554,2-1-4-3-5-14-7*
283,2,7,5.0,740.0,148.0,2-5-7*
287,2,7,40.0,6550.0,163.75,2-5-3-11-10-9-7*
285,2,7,11.0,1940.0,176.36363636363637,2-1-3-5-7*
868,2,7,11.0,1940.0,176.36363636363637,2-1-3-5-14-7*
289,2,7,41.0,7970.0,194.390243902439,2-5-3-11-10-12-9-7*
291,2,7,41.0,8540.0,208.29268292682926,2-5-3-11-10-12-13-9-7*
871,2,7,23.0,4830.0,210.0,2-5-14-6-9-7*
286,2,7,8.0,1940.0,242.5,2-1-3-5-14-7*
288,2,7,24.0,8100.0,337.5,2-5-3-11-10-9-6-14-7*
290,2,7,24.0,9540.0,397.5,2-5-3-11-10-12-9-6-14-7*
292,2,7,24.0,10120.0,421.6666666666667,2-5-3-11-10-12-13-9-6-14-7*
873,2,7,18.0,7750.0,430.55555555555554,2-1-4-3-5-14-6-9-7*
872,2,7,11.0,7050.0,640.9090909090909,2-1-3-5-14-6-9-7*
293,2,8,14.0,450.0,32.142857142857146,2-5-14-8*
294,2,8,15.0,860.0,57.333333333333336,2-5-7-14-8*
924,2,8,27.0,1810.0,67.03703703703704,2-1-4-3-5-14-8*
295,2,8,20.0,1430.0,71.5,2-1-3-5-14-8*
925,2,8,27.0,2550.0,94.44444444444444,2-1-4-3-5-7-14-8*
923,2,8,20.0,2120.0,106.0,2-1-3-5-7-14-8*
296,2,8,15.0,2120.0,141.33333333333334,2-1-3-5-7-14-8*
297,2,8,49.0,7030.0,143.46938775510205,2-5-3-11-10-9-6-14-8*
929,2,8,51.0,8260.0,161.9607843137255,2-1-3-11-10-9-7-5-14-8*
299,2,8,50.0,8450.0,169.0,2-5-3-11-10-12-9-6-14-8*
926,2,8,30.0,5260.0,175.33333333333334,2-5-7-9-6-14-8*
301,2,8,50.0,9020.0,180.4,2-5-3-11-10-12-13-9-6-14-8*
298,2,8,31.0,7030.0,226.7741935483871,2-5-3-11-10-9-7-14-8*
300,2,8,31.0,8450.0,272.5806451612903,2-5-3-11-10-12-9-7-14-8*
302,2,8,31.0,9020.0,290.96774193548384,2-5-3-11-10-12-13-9-7-14-8*
928,2,8,27.0,8260.0,305.9259259259259,2-1-4-3-5-7-9-6-14-8*
930,2,8,27.0,9000.0,333.3333333333333,2-1-4-3-11-10-9-7-5-14-8*
927,2,8,20.0,7540.0,377.0,2-1-3-5-7-9-6-14-8*
999,2,9,30.0,3290.0,109.66666666666667,2-1-3-11-10-9*
1001,2,9,40.0,4680.0,117.0,2-1-3-11-10-12-9*
1000,2,9,26.0,3860.0,148.46153846153845,2-1-4-3-11-10-9*
311,2,9,32.0,5100.0,159.375,2-5-3-11-10-9*
312,2,9,33.0,6500.0,196.96969696969697,2-5-3-11-10-12-9*
313,2,9,33.0,7060.0,213.93939393939394,2-5-3-11-10-12-13-9*
306,2,9,16.0,3470.0,216.875,2-5-14-7-9*
304,2,9,15.0,3470.0,231.33333333333334,2-5-14-6-9*
995,2,9,26.0,6060.0,233.07692307692307,2-1-4-3-5-7-9*
996,2,9,26.0,6060.0,233.07692307692307,2-1-4-3-5-14-6-9*
997,2,9,26.0,6060.0,233.07692307692307,2-1-4-3-5-14-7-9*
303,2,9,13.0,3470.0,266.9230769230769,2-5-7-9*
307,2,9,19.0,5410.0,284.7368421052632,2-1-3-5-7-9*
992,2,9,19.0,5410.0,284.7368421052632,2-1-3-5-14-6-9*
993,2,9,19.0,5410.0,284.7368421052632,2-1-3-5-14-7-9*
998,2,9,26.0,7750.0,298.0769230769231,2-1-4-3-5-7-14-6-9*
305,2,9,16.0,4830.0,301.875,2-5-7-14-6-9*
310,2,9,16.0,5410.0,338.125,2-1-3-5-14-7-9*
308,2,9,15.0,5410.0,360.6666666666667,2-1-3-5-14-6-9*
994,2,9,19.0,7050.0,371.05263157894734,2-1-3-5-7-14-6-9*
309,2,9,16.0,7050.0,440.625,2-1-3-5-7-14-6-9*
322,2,10,27.0,1070.0,39.629629629629626,2-5-3-11-10*
323,2,10,28.0,6160.0,220.0,2-5-7-9-12-10*
324,2,10,28.0,6160.0,220.0,2-5-14-6-9-12-10*
326,2,10,28.0,6160.0,220.0,2-5-14-7-9-12-10*
317,2,10,21.0,4900.0,233.33333333333334,2-5-14-7-9-10*
315,2,10,20.0,4900.0,245.0,2-5-14-6-9-10*
325,2,10,28.0,7610.0,271.7857142857143,2-5-7-14-6-9-12-10*
314,2,10,18.0,4900.0,272.22222222222223,2-5-7-9-10*
318,2,10,24.0,6960.0,290.0,2-1-3-5-7-9-10*
1106,2,10,24.0,6960.0,290.0,2-1-3-5-14-6-9-10*
1107,2,10,24.0,6960.0,290.0,2-1-3-5-14-7-9-10*
1110,2,10,21.0,6160.0,293.3333333333333,2-5-14-7-9-12-10*
327,2,10,28.0,8260.0,295.0,2-1-3-5-7-9-12-10*
328,2,10,28.0,8260.0,295.0,2-1-3-5-14-6-9-12-10*
316,2,10,21.0,6330.0,301.42857142857144,2-5-7-14-6-9-10*
1109,2,10,20.0,6160.0,308.0,2-5-14-6-9-12-10*
321,2,10,21.0,6960.0,331.42857142857144,2-1-3-5-14-7-9-10*
1112,2,10,24.0,8260.0,344.1666666666667,2-1-3-5-7-9-12-10*
1113,2,10,24.0,8260.0,344.1666666666667,2-1-3-5-14-6-9-12-10*
1114,2,10,24.0,8260.0,344.1666666666667,2-1-3-5-14-7-9-12-10*
319,2,10,20.0,6960.0,348.0,2-1-3-5-14-6-9-10*
1108,2,10,24.0,8670.0,361.25,2-1-3-5-7-14-6-9-10*
1111,2,10,21.0,7610.0,362.3809523809524,2-5-7-14-6-9-12-10*
320,2,10,21.0,8670.0,412.85714285714283,2-1-3-5-7-14-6-9-10*
329,2,11,15.0,450.0,30.0,2-1-3-11*
1172,2,11,22.0,740.0,33.63636363636363,2-1-4-3-11*
330,2,11,17.0,680.0,40.0,2-5-3-11*
331,2,11,34.0,7750.0,227.94117647058823,2-1-3-5-7-9-10-11*
332,2,11,30.0,7750.0,258.3333333333333,2-1-3-5-14-6-9-10-11*
339,2,12,26.0,4540.0,174.6153846153846,2-5-14-7-9-12*
335,2,12,25.0,4540.0,181.6,2-5-14-6-9-12*
1264,2,12,26.0,5070.0,195.0,2-5-14-7-9-13-12*
333,2,12,23.0,4540.0,197.3913043478261,2-5-7-9-12*
1262,2,12,25.0,5070.0,202.8,2-5-14-6-9-13-12*
1261,2,12,23.0,5070.0,220.43478260869566,2-5-7-9-13-12*
341,2,12,29.0,6520.0,224.82758620689654,2-1-3-5-7-9-12*
337,2,12,26.0,5920.0,227.69230769230768,2-5-7-14-6-9-12*
1265,2,12,26.0,6160.0,236.92307692307693,2-5-14-7-9-10-12*
1268,2,12,29.0,7070.0,243.79310344827587,2-1-3-5-7-9-13-12*
1263,2,12,25.0,6160.0,246.4,2-5-14-6-9-10-12*
1266,2,12,26.0,6460.0,248.46153846153845,2-5-7-14-6-9-13-12*
347,2,12,26.0,6520.0,250.76923076923077,2-1-3-5-14-7-9-12*
343,2,12,25.0,6520.0,260.8,2-1-3-5-14-6-9-12*
334,2,12,23.0,6160.0,267.82608695652175,2-5-7-9-10-12*
336,2,12,23.0,6160.0,267.82608695652175,2-5-14-6-9-10-12*
340,2,12,23.0,6160.0,267.82608695652175,2-5-14-7-9-10-12*
1269,2,12,29.0,8260.0,284.82758620689657,2-1-3-5-7-9-10-12*
1267,2,12,26.0,7610.0,292.6923076923077,2-5-7-14-6-9-10-12*
345,2,12,26.0,8180.0,314.61538461538464,2-1-3-5-7-14-6-9-12*
338,2,12,23.0,7610.0,330.8695652173913,2-5-7-14-6-9-10-12*
342,2,12,23.0,8260.0,359.1304347826087,2-1-3-5-7-9-10-12*
344,2,12,23.0,8260.0,359.1304347826087,2-1-3-5-14-6-9-10-12*
346,2,12,23.0,9990.0,434.3478260869565,2-1-3-5-7-14-6-9-10-12*
351,2,13,24.0,3910.0,162.91666666666666,2-5-14-7-9-13*
349,2,13,23.0,3910.0,170.0,2-5-14-6-9-13*
348,2,13,21.0,3910.0,186.1904761904762,2-5-7-9-13*
352,2,13,25.0,5070.0,202.8,2-5-7-9-12-13*
353,2,13,25.0,5070.0,202.8,2-5-14-6-9-12-13*
355,2,13,25.0,5070.0,202.8,2-5-14-7-9-12-13*
1381,2,13,24.0,5070.0,211.25,2-5-14-7-9-12-13*
356,2,13,27.0,5870.0,217.40740740740742,2-1-3-5-7-9-13*
1383,2,13,27.0,5870.0,217.40740740740742,2-1-3-5-14-6-9-13*
1384,2,13,27.0,5870.0,217.40740740740742,2-1-3-5-14-7-9-13*
350,2,13,24.0,5280.0,220.0,2-5-7-14-6-9-13*
1380,2,13,23.0,5070.0,220.43478260869566,2-5-14-6-9-12-13*
359,2,13,24.0,5870.0,244.58333333333334,2-1-3-5-14-7-9-13*
357,2,13,23.0,5870.0,255.2173913043478,2-1-3-5-14-6-9-13*
354,2,13,25.0,6460.0,258.4,2-5-7-14-6-9-12-13*
1386,2,13,27.0,7070.0,261.85185185185185,2-1-3-5-7-9-12-13*
1387,2,13,27.0,7070.0,261.85185185185185,2-1-3-5-14-6-9-12-13*
1388,2,13,27.0,7070.0,261.85185185185185,2-1-3-5-14-7-9-12-13*
1382,2,13,24.0,6460.0,269.1666666666667,2-5-7-14-6-9-12-13*
1385,2,13,27.0,7520.0,278.51851851851853,2-1-3-5-7-14-6-9-13*
360,2,13,25.0,7070.0,282.8,2-1-3-5-7-9-12-13*
361,2,13,25.0,7070.0,282.8,2-1-3-5-14-6-9-12-13*
358,2,13,24.0,7520.0,313.3333333333333,2-1-3-5-7-14-6-9-13*
362,2,13,25.0,8740.0,349.6,2-1-3-5-7-14-6-9-12-13*
363,2,14,6.0,360.0,60.0,2-5-14*
1485,2,14,19.0,1640.0,86.3157894736842,2-1-4-3-5-14*
364,2,14,7.0,740.0,105.71428571428571,2-5-7-14*
365,2,14,12.0,1280.0,106.66666666666667,2-1-3-5-14*
1486,2,14,19.0,2350.0,123.6842105263158,2-1-4-3-5-7-14*
367,2,14,41.0,6550.0,159.7560975609756,2-5-3-11-10-9-6-14*
1484,2,14,12.0,1940.0,161.66666666666666,2-1-3-5-7-14*
1490,2,14,43.0,7750.0,180.2325581395349,2-1-3-11-10-9-7-5-14*
369,2,14,42.0,7970.0,189.76190476190476,2-5-3-11-10-12-9-6-14*
371,2,14,42.0,8540.0,203.33333333333334,2-5-3-11-10-12-13-9-6-14*
1487,2,14,22.0,4830.0,219.54545454545453,2-5-7-9-6-14*
366,2,14,7.0,1940.0,277.14285714285717,2-1-3-5-7-14*
368,2,14,23.0,6550.0,284.7826086956522,2-5-3-11-10-9-7-14*
370,2,14,23.0,7970.0,346.5217391304348,2-5-3-11-10-12-9-7-14*
372,2,14,23.0,8540.0,371.30434782608694,2-5-3-11-10-12-13-9-7-14*
1489,2,14,19.0,7750.0,407.89473684210526,2-1-4-3-5-7-9-6-14*
1491,2,14,19.0,8470.0,445.7894736842105,2-1-4-3-11-10-9-7-5-14*
1488,2,14,12.0,7050.0,587.5,2-1-3-5-7-9-6-14*
374,3,4,4.0,100.0,25.0,3-4*
375,3,4,9.0,380.0,42.22222222222222,3-1-4*
519,3,4,15.0,1640.0,109.33333333333333,3-5-2-1-4*
376,3,5,4.0,200.0,50.0,3-5*
378,3,5,15.0,1640.0,109.33333333333333,3-4-1-2-5*
663,3,5,38.0,5840.0,153.68421052631578,3-11-10-9-7-14-5*
377,3,5,8.0,1280.0,160.0,3-1-2-5*
383,3,5,44.0,7240.0,164.54545454545453,3-11-10-12-9-7-5*
379,3,5,35.0,5840.0,166.85714285714286,3-11-10-9-7-5*
387,3,5,44.0,7800.0,177.27272727272728,3-11-10-12-13-9-7-5*
381,3,5,26.0,5840.0,224.6153846153846,3-11-10-9-6-14-5*
385,3,5,26.0,7240.0,278.46153846153845,3-11-10-12-9-6-14-5*
389,3,5,26.0,7800.0,300.0,3-11-10-12-13-9-6-14-5*
380,3,5,11.0,5840.0,530.9090909090909,3-11-10-9-7-14-5*
382,3,5,11.0,7210.0,655.4545454545455,3-11-10-9-6-14-7-5*
384,3,5,11.0,7240.0,658.1818181818181,3-11-10-12-9-7-14-5*
388,3,5,11.0,7800.0,709.0909090909091,3-11-10-12-13-9-7-14-5*
386,3,5,11.0,8630.0,784.5454545454545,3-11-10-12-9-6-14-7-5*
390,3,5,11.0,9200.0,836.3636363636364,3-11-10-12-13-9-6-14-7-5*
391,3,6,9.0,500.0,55.55555555555556,3-5-14-6*
392,3,6,10.0,900.0,90.0,3-5-7-14-6*
400,3,6,32.0,3530.0,110.3125,3-11-10-9-6*
395,3,6,20.0,2350.0,117.5,3-4-1-2-5-14-6*
403,3,6,41.0,4900.0,119.51219512195122,3-11-10-12-9-6*
393,3,6,13.0,1940.0,149.23076923076923,3-1-2-5-14-6*
812,3,6,40.0,7210.0,180.25,3-11-10-9-7-5-14-6*
401,3,6,26.0,4700.0,180.76923076923077,3-11-10-9-7-14-6*
397,3,6,24.0,4900.0,204.16666666666666,3-5-14-7-9-6*
807,3,6,13.0,2700.0,207.69230769230768,3-1-2-5-7-14-6*
808,3,6,21.0,4900.0,233.33333333333334,3-5-7-9-6*
404,3,6,26.0,6090.0,234.23076923076923,3-11-10-12-9-7-14-6*
394,3,6,10.0,2700.0,270.0,3-1-2-5-7-14-6*
398,3,6,24.0,7050.0,293.75,3-1-2-5-14-7-9-6*
396,3,6,10.0,3160.0,316.0,3-4-1-2-5-7-14-6*
399,3,6,24.0,7750.0,322.9166666666667,3-4-1-2-5-14-7-9-6*
809,3,6,13.0,4900.0,376.9230769230769,3-5-14-7-9-6*
810,3,6,13.0,7050.0,542.3076923076923,3-1-2-5-7-9-6*
811,3,6,13.0,7050.0,542.3076923076923,3-1-2-5-14-7-9-6*
402,3,6,13.0,7210.0,554.6153846153846,3-11-10-9-7-5-14-6*
405,3,6,13.0,8630.0,663.8461538461538,3-11-10-12-9-7-5-14-6*
407,3,7,9.0,500.0,55.55555555555556,3-5-14-7*
406,3,7,6.0,500.0,83.33333333333333,3-5-7*
412,3,7,33.0,3530.0,106.96969696969697,3-11-10-9-7*
415,3,7,42.0,4900.0,116.66666666666667,3-11-10-12-9-7*
418,3,7,42.0,5440.0,129.52380952380952,3-11-10-12-13-9-7*
410,3,7,17.0,2350.0,138.23529411764707,3-4-1-2-5-7*
413,3,7,25.0,4700.0,188.0,3-11-10-9-6-14-7*
408,3,7,10.0,1940.0,194.0,3-1-2-5-7*
874,3,7,10.0,1940.0,194.0,3-1-2-5-14-7*
875,3,7,24.0,4900.0,204.16666666666666,3-5-14-6-9-7*
409,3,7,9.0,1940.0,215.55555555555554,3-1-2-5-14-7*
416,3,7,25.0,6090.0,243.6,3-11-10-12-9-6-14-7*
411,3,7,9.0,2350.0,261.1111111111111,3-4-1-2-5-14-7*
419,3,7,25.0,6640.0,265.6,3-11-10-12-13-9-6-14-7*
414,3,7,12.0,7210.0,600.8333333333334,3-11-10-9-6-14-5-7*
876,3,7,10.0,7050.0,705.0,3-1-2-5-14-6-9-7*
417,3,7,12.0,8630.0,719.1666666666666,3-11-10-12-9-6-14-5-7*
420,3,7,12.0,9200.0,766.6666666666666,3-11-10-12-13-9-6-14-5-7*
421,3,8,15.0,290.0,19.333333333333332,3-5-14-8*
422,3,8,16.0,620.0,38.75,3-5-7-14-8*
425,3,8,26.0,1810.0,69.61538461538461,3-4-1-2-5-14-8*
423,3,8,19.0,1430.0,75.26315789473684,3-1-2-5-14-8*
427,3,8,43.0,3920.0,91.16279069767442,3-11-10-9-7-14-8*
430,3,8,51.0,5290.0,103.72549019607843,3-11-10-12-9-6-14-8*
931,3,8,19.0,2120.0,111.57894736842105,3-1-2-5-7-14-8*
433,3,8,51.0,5830.0,114.31372549019608,3-11-10-12-13-9-6-14-8*
429,3,8,31.0,3920.0,126.45161290322581,3-11-10-9-6-14-8*
424,3,8,16.0,2120.0,132.5,3-1-2-5-7-14-8*
934,3,8,46.0,6290.0,136.7391304347826,3-11-10-9-7-5-14-8*
426,3,8,16.0,2550.0,159.375,3-4-1-2-5-7-14-8*
431,3,8,32.0,5290.0,165.3125,3-11-10-12-9-7-14-8*
932,3,8,31.0,5330.0,171.93548387096774,3-5-7-9-6-14-8*
434,3,8,32.0,5830.0,182.1875,3-11-10-12-13-9-7-14-8*
428,3,8,19.0,6290.0,331.05263157894734,3-11-10-9-7-5-14-8*
933,3,8,19.0,7540.0,396.8421052631579,3-1-2-5-7-9-6-14-8*
432,3,8,19.0,7690.0,404.7368421052632,3-11-10-12-9-7-5-14-8*
435,3,8,19.0,8250.0,434.2105263157895,3-11-10-12-13-9-7-5-14-8*
448,3,9,25.0,2460.0,98.4,3-11-10-9*
1005,3,9,35.0,3810.0,108.85714285714286,3-11-10-12-9*
449,3,9,34.0,3810.0,112.05882352941177,3-11-10-12-9*
1006,3,9,35.0,4340.0,124.0,3-11-10-12-13-9*
450,3,9,34.0,4340.0,127.6470588235294,3-11-10-12-13-9*
439,3,9,17.0,3620.0,212.94117647058823,3-5-14-7-9*
437,3,9,16.0,3620.0,226.25,3-5-14-6-9*
444,3,9,25.0,6060.0,242.4,3-4-1-2-5-7-9*
436,3,9,14.0,3620.0,258.57142857142856,3-5-7-9*
438,3,9,17.0,4900.0,288.2352941176471,3-5-7-14-6-9*
440,3,9,18.0,5410.0,300.55555555555554,3-1-2-5-7-9*
1002,3,9,18.0,5410.0,300.55555555555554,3-1-2-5-14-6-9*
1003,3,9,18.0,5410.0,300.55555555555554,3-1-2-5-14-7-9*
443,3,9,17.0,5410.0,318.2352941176471,3-1-2-5-14-7-9*
441,3,9,16.0,5410.0,338.125,3-1-2-5-14-6-9*
447,3,9,17.0,6060.0,356.47058823529414,3-4-1-2-5-14-7-9*
445,3,9,16.0,6060.0,378.75,3-4-1-2-5-14-6-9*
1004,3,9,18.0,7050.0,391.6666666666667,3-1-2-5-7-14-6-9*
442,3,9,17.0,7050.0,414.70588235294116,3-1-2-5-7-14-6-9*
446,3,9,17.0,7750.0,455.88235294117646,3-4-1-2-5-7-14-6-9*
459,3,10,29.0,6350.0,218.9655172413793,3-5-7-9-12-10*
460,3,10,29.0,6350.0,218.9655172413793,3-5-14-6-9-12-10*
462,3,10,29.0,6350.0,218.9655172413793,3-5-14-7-9-12-10*
454,3,10,22.0,5090.0,231.36363636363637,3-5-14-7-9-10*
452,3,10,21.0,5090.0,242.38095238095238,3-5-14-6-9-10*
461,3,10,29.0,7720.0,266.2068965517241,3-5-7-14-6-9-12-10*
451,3,10,19.0,5090.0,267.89473684210526,3-5-7-9-10*
463,3,10,29.0,8260.0,284.82758620689657,3-1-2-5-7-9-12-10*
464,3,10,29.0,8260.0,284.82758620689657,3-1-2-5-14-6-9-12-10*
1119,3,10,22.0,6350.0,288.6363636363636,3-5-14-7-9-12-10*
453,3,10,22.0,6440.0,292.72727272727275,3-5-7-14-6-9-10*
1118,3,10,21.0,6350.0,302.3809523809524,3-5-14-6-9-12-10*
455,3,10,23.0,6960.0,302.60869565217394,3-1-2-5-7-9-10*
1115,3,10,23.0,6960.0,302.60869565217394,3-1-2-5-14-6-9-10*
1116,3,10,23.0,6960.0,302.60869565217394,3-1-2-5-14-7-9-10*
458,3,10,22.0,6960.0,316.3636363636364,3-1-2-5-14-7-9-10*
456,3,10,21.0,6960.0,331.42857142857144,3-1-2-5-14-6-9-10*
465,3,10,29.0,9990.0,344.48275862068965,3-1-2-5-7-14-6-9-12-10*
1120,3,10,22.0,7720.0,350.90909090909093,3-5-7-14-6-9-12-10*
1121,3,10,23.0,8260.0,359.1304347826087,3-1-2-5-7-9-12-10*
1122,3,10,23.0,8260.0,359.1304347826087,3-1-2-5-14-6-9-12-10*
1123,3,10,23.0,8260.0,359.1304347826087,3-1-2-5-14-7-9-12-10*
1117,3,10,23.0,8670.0,376.95652173913044,3-1-2-5-7-14-6-9-10*
457,3,10,22.0,8670.0,394.09090909090907,3-1-2-5-7-14-6-9-10*
466,3,11,10.0,50.0,5.0,3-11*
468,3,11,31.0,5840.0,188.38709677419354,3-5-14-6-9-10-11*
467,3,11,29.0,5840.0,201.3793103448276,3-5-7-9-10-11*
471,3,11,40.0,8470.0,211.75,3-4-1-2-5-7-9-10-11*
469,3,11,33.0,7750.0,234.84848484848484,3-1-2-5-7-9-10-11*
470,3,11,31.0,7750.0,250.0,3-1-2-5-14-6-9-10-11*
472,3,11,31.0,8470.0,273.2258064516129,3-4-1-2-5-14-6-9-10-11*
479,3,12,27.0,4690.0,173.7037037037037,3-5-14-7-9-12*
475,3,12,26.0,4690.0,180.3846153846154,3-5-14-6-9-12*
1273,3,12,27.0,5220.0,193.33333333333334,3-5-14-7-9-13-12*
473,3,12,24.0,4690.0,195.41666666666666,3-5-7-9-12*
1271,3,12,26.0,5220.0,200.76923076923077,3-5-14-6-9-13-12*
1270,3,12,24.0,5220.0,217.5,3-5-7-9-13-12*
477,3,12,27.0,5990.0,221.85185185185185,3-5-7-14-6-9-12*
481,3,12,28.0,6520.0,232.85714285714286,3-1-2-5-7-9-12*
1274,3,12,27.0,6350.0,235.1851851851852,3-5-14-7-9-10-12*
487,3,12,27.0,6520.0,241.4814814814815,3-1-2-5-14-7-9-12*
1275,3,12,27.0,6530.0,241.85185185185185,3-5-7-14-6-9-13-12*
1272,3,12,26.0,6350.0,244.23076923076923,3-5-14-6-9-10-12*
483,3,12,26.0,6520.0,250.76923076923077,3-1-2-5-14-6-9-12*
1277,3,12,28.0,7070.0,252.5,3-1-2-5-7-9-13-12*
474,3,12,24.0,6350.0,264.5833333333333,3-5-7-9-10-12*
476,3,12,24.0,6350.0,264.5833333333333,3-5-14-6-9-10-12*
480,3,12,24.0,6350.0,264.5833333333333,3-5-14-7-9-10-12*
1276,3,12,27.0,7720.0,285.9259259259259,3-5-7-14-6-9-10-12*
1278,3,12,28.0,8260.0,295.0,3-1-2-5-7-9-10-12*
485,3,12,27.0,8180.0,302.962962962963,3-1-2-5-7-14-6-9-12*
478,3,12,24.0,7720.0,321.6666666666667,3-5-7-14-6-9-10-12*
482,3,12,24.0,8260.0,344.1666666666667,3-1-2-5-7-9-10-12*
484,3,12,24.0,8260.0,344.1666666666667,3-1-2-5-14-6-9-10-12*
486,3,12,24.0,9990.0,416.25,3-1-2-5-7-14-6-9-10-12*
491,3,13,25.0,4060.0,162.4,3-5-14-7-9-13*
489,3,13,24.0,4060.0,169.16666666666666,3-5-14-6-9-13*
488,3,13,22.0,4060.0,184.54545454545453,3-5-7-9-13*
496,3,13,26.0,5220.0,200.76923076923077,3-5-7-9-12-13*
497,3,13,26.0,5220.0,200.76923076923077,3-5-14-6-9-12-13*
499,3,13,26.0,5220.0,200.76923076923077,3-5-14-7-9-12-13*
1390,3,13,25.0,5220.0,208.8,3-5-14-7-9-12-13*
490,3,13,25.0,5350.0,214.0,3-5-7-14-6-9-13*
1389,3,13,24.0,5220.0,217.5,3-5-14-6-9-12-13*
492,3,13,26.0,5870.0,225.76923076923077,3-1-2-5-7-9-13*
1392,3,13,26.0,5870.0,225.76923076923077,3-1-2-5-14-6-9-13*
1393,3,13,26.0,5870.0,225.76923076923077,3-1-2-5-14-7-9-13*
495,3,13,25.0,5870.0,234.8,3-1-2-5-14-7-9-13*
493,3,13,24.0,5870.0,244.58333333333334,3-1-2-5-14-6-9-13*
498,3,13,26.0,6530.0,251.15384615384616,3-5-7-14-6-9-12-13*
1391,3,13,25.0,6530.0,261.2,3-5-7-14-6-9-12-13*
500,3,13,26.0,7070.0,271.9230769230769,3-1-2-5-7-9-12-13*
501,3,13,26.0,7070.0,271.9230769230769,3-1-2-5-14-6-9-12-13*
1395,3,13,26.0,7070.0,271.9230769230769,3-1-2-5-14-7-9-12-13*
1394,3,13,26.0,7520.0,289.2307692307692,3-1-2-5-7-14-6-9-13*
494,3,13,25.0,7520.0,300.8,3-1-2-5-7-14-6-9-13*
502,3,13,26.0,8740.0,336.15384615384613,3-1-2-5-7-14-6-9-12-13*
503,3,14,7.0,200.0,28.571428571428573,3-5-14*
504,3,14,8.0,500.0,62.5,3-5-7-14*
507,3,14,18.0,1640.0,91.11111111111111,3-4-1-2-5-14*
509,3,14,35.0,3530.0,100.85714285714286,3-11-10-9-7-14*
512,3,14,43.0,4900.0,113.95348837209302,3-11-10-12-9-6-14*
505,3,14,11.0,1280.0,116.36363636363636,3-1-2-5-14*
515,3,14,43.0,5440.0,126.51162790697674,3-11-10-12-13-9-6-14*
511,3,14,23.0,3530.0,153.47826086956522,3-11-10-9-6-14*
1495,3,14,38.0,5840.0,153.68421052631578,3-11-10-9-7-5-14*
1492,3,14,11.0,1940.0,176.36363636363637,3-1-2-5-7-14*
513,3,14,24.0,4900.0,204.16666666666666,3-11-10-12-9-7-14*
1493,3,14,23.0,4900.0,213.04347826086956,3-5-7-9-6-14*
516,3,14,24.0,5440.0,226.66666666666666,3-11-10-12-13-9-7-14*
506,3,14,8.0,1940.0,242.5,3-1-2-5-7-14*
508,3,14,8.0,2350.0,293.75,3-4-1-2-5-7-14*
510,3,14,11.0,5840.0,530.9090909090909,3-11-10-9-7-5-14*
1494,3,14,11.0,7050.0,640.9090909090909,3-1-2-5-7-9-6-14*
514,3,14,11.0,7240.0,658.1818181818181,3-11-10-12-9-7-5-14*
517,3,14,11.0,7800.0,709.0909090909091,3-11-10-12-13-9-7-5-14*
520,4,5,8.0,400.0,50.0,4-3-5*
522,4,5,13.0,1040.0,80.0,4-1-3-5*
523,4,5,11.0,1080.0,98.18181818181819,4-1-2-5*
521,4,5,12.0,1640.0,136.66666666666666,4-3-1-2-5*
666,4,5,42.0,6400.0,152.38095238095238,4-3-11-10-9-7-14-5*
664,4,5,39.0,6400.0,164.10256410256412,4-3-11-10-9-7-5*
665,4,5,13.0,7540.0,580.0,4-1-3-11-10-9-7-5*
667,4,5,13.0,7540.0,580.0,4-1-3-11-10-9-7-14-5*
524,4,6,13.0,750.0,57.69230769230769,4-3-5-14-6*
525,4,6,14.0,1200.0,85.71428571428571,4-3-5-7-14-6*
528,4,6,18.0,1570.0,87.22222222222223,4-1-3-5-14-6*
530,4,6,16.0,1690.0,105.625,4-1-2-5-14-6*
815,4,6,18.0,2200.0,122.22222222222223,4-1-3-5-7-14-6*
526,4,6,17.0,2350.0,138.23529411764707,4-3-1-2-5-14-6*
813,4,6,16.0,2400.0,150.0,4-1-2-5-7-14-6*
529,4,6,14.0,2200.0,157.14285714285714,4-1-3-5-7-14-6*
531,4,6,14.0,2400.0,171.42857142857142,4-1-2-5-7-14-6*
814,4,6,17.0,3160.0,185.88235294117646,4-3-1-2-5-7-14-6*
536,4,6,44.0,8470.0,192.5,4-1-2-5-3-11-10-9-6*
532,4,6,28.0,5440.0,194.28571428571428,4-3-5-14-7-9-6*
816,4,6,25.0,5440.0,217.6,4-3-5-7-9-6*
538,4,6,45.0,9920.0,220.44444444444446,4-1-2-5-3-11-10-12-9-6*
527,4,6,14.0,3160.0,225.71428571428572,4-3-1-2-5-7-14-6*
535,4,6,28.0,6510.0,232.5,4-1-2-5-14-7-9-6*
534,4,6,28.0,6700.0,239.28571428571428,4-1-3-5-14-7-9-6*
533,4,6,28.0,7750.0,276.7857142857143,4-3-1-2-5-14-7-9-6*
818,4,6,17.0,5440.0,320.0,4-3-5-14-7-9-6*
537,4,6,30.0,10250.0,341.6666666666667,4-1-2-5-3-11-10-9-7-14-6*
822,4,6,18.0,6700.0,372.22222222222223,4-1-3-5-7-9-6*
817,4,6,16.0,6510.0,406.875,4-1-2-5-7-9-6*
819,4,6,16.0,6510.0,406.875,4-1-2-5-14-7-9-6*
820,4,6,17.0,7750.0,455.88235294117646,4-3-1-2-5-7-9-6*
821,4,6,17.0,7750.0,455.88235294117646,4-3-1-2-5-14-7-9-6*
540,4,7,13.0,750.0,57.69230769230769,4-3-5-14-7*
539,4,7,10.0,750.0,75.0,4-3-5-7*
543,4,7,15.0,1570.0,104.66666666666667,4-1-3-5-7*
878,4,7,15.0,1570.0,104.66666666666667,4-1-3-5-14-7*
545,4,7,13.0,1570.0,120.76923076923077,4-1-3-5-14-7*
544,4,7,13.0,1690.0,130.0,4-1-2-5-7*
546,4,7,13.0,1690.0,130.0,4-1-2-5-14-7*
541,4,7,14.0,2350.0,167.85714285714286,4-3-1-2-5-7*
877,4,7,14.0,2350.0,167.85714285714286,4-3-1-2-5-14-7*
542,4,7,13.0,2350.0,180.76923076923077,4-3-1-2-5-14-7*
547,4,7,45.0,8470.0,188.22222222222223,4-1-2-5-3-11-10-9-7*
879,4,7,28.0,5440.0,194.28571428571428,4-3-5-14-6-9-7*
549,4,7,46.0,9920.0,215.65217391304347,4-1-2-5-3-11-10-12-9-7*
551,4,7,46.0,10500.0,228.2608695652174,4-1-2-5-3-11-10-12-13-9-7*
548,4,7,29.0,10250.0,353.44827586206895,4-1-2-5-3-11-10-9-6-14-7*
550,4,7,29.0,11720.0,404.13793103448273,4-1-2-5-3-11-10-12-9-6-14-7*
552,4,7,29.0,12310.0,424.48275862068965,4-1-2-5-3-11-10-12-13-9-6-14-7*
882,4,7,15.0,6700.0,446.6666666666667,4-1-3-5-14-6-9-7*
880,4,7,13.0,6510.0,500.7692307692308,4-1-2-5-14-6-9-7*
881,4,7,14.0,7750.0,553.5714285714286,4-3-1-2-5-14-6-9-7*
553,4,8,19.0,510.0,26.842105263157894,4-3-5-14-8*
554,4,8,20.0,890.0,44.5,4-3-5-7-14-8*
557,4,8,24.0,1180.0,49.166666666666664,4-1-3-5-14-8*
559,4,8,22.0,1220.0,55.45454545454545,4-1-2-5-14-8*
937,4,8,24.0,1740.0,72.5,4-1-3-5-7-14-8*
555,4,8,23.0,1810.0,78.69565217391305,4-3-1-2-5-14-8*
935,4,8,22.0,1860.0,84.54545454545455,4-1-2-5-7-14-8*
558,4,8,20.0,1740.0,87.0,4-1-3-5-7-14-8*
560,4,8,20.0,1860.0,93.0,4-1-2-5-7-14-8*
936,4,8,23.0,2550.0,110.8695652173913,4-3-1-2-5-7-14-8*
556,4,8,20.0,2550.0,127.5,4-3-1-2-5-7-14-8*
942,4,8,50.0,6870.0,137.4,4-3-11-10-9-7-5-14-8*
561,4,8,54.0,9000.0,166.66666666666666,4-1-2-5-3-11-10-9-6-14-8*
938,4,8,35.0,5890.0,168.28571428571428,4-3-5-7-9-6-14-8*
563,4,8,55.0,10450.0,190.0,4-1-2-5-3-11-10-12-9-6-14-8*
565,4,8,55.0,11030.0,200.54545454545453,4-1-2-5-3-11-10-12-13-9-6-14-8*
562,4,8,36.0,9000.0,250.0,4-1-2-5-3-11-10-9-7-14-8*
564,4,8,36.0,10450.0,290.27777777777777,4-1-2-5-3-11-10-12-9-7-14-8*
941,4,8,24.0,7180.0,299.1666666666667,4-1-3-5-7-9-6-14-8*
566,4,8,36.0,11030.0,306.3888888888889,4-1-2-5-3-11-10-12-13-9-7-14-8*
939,4,8,22.0,6990.0,317.72727272727275,4-1-2-5-7-9-6-14-8*
943,4,8,24.0,8040.0,335.0,4-1-3-11-10-9-7-5-14-8*
940,4,8,23.0,8260.0,359.1304347826087,4-3-1-2-5-7-9-6-14-8*
570,4,9,21.0,4110.0,195.71428571428572,4-3-5-14-7-9*
568,4,9,20.0,4110.0,205.5,4-3-5-14-6-9*
575,4,9,23.0,5190.0,225.65217391304347,4-1-3-5-7-9*
1012,4,9,23.0,5190.0,225.65217391304347,4-1-3-5-14-6-9*
1013,4,9,23.0,5190.0,225.65217391304347,4-1-3-5-14-7-9*
567,4,9,18.0,4110.0,228.33333333333334,4-3-5-7-9*
577,4,9,21.0,4920.0,234.28571428571428,4-1-2-5-7-9*
1007,4,9,21.0,4920.0,234.28571428571428,4-1-2-5-14-6-9*
1008,4,9,21.0,4920.0,234.28571428571428,4-1-2-5-14-7-9*
578,4,9,20.0,4920.0,246.0,4-1-2-5-14-6-9*
580,4,9,21.0,5190.0,247.14285714285714,4-1-3-5-14-7-9*
569,4,9,21.0,5440.0,259.04761904761904,4-3-5-7-14-6-9*
576,4,9,20.0,5190.0,259.5,4-1-3-5-14-6-9*
571,4,9,22.0,6060.0,275.45454545454544,4-3-1-2-5-7-9*
1009,4,9,22.0,6060.0,275.45454545454544,4-3-1-2-5-14-6-9*
1010,4,9,22.0,6060.0,275.45454545454544,4-3-1-2-5-14-7-9*
574,4,9,21.0,6060.0,288.57142857142856,4-3-1-2-5-14-7-9*
572,4,9,20.0,6060.0,303.0,4-3-1-2-5-14-6-9*
581,4,9,21.0,6510.0,310.0,4-1-2-5-7-14-6-9*
579,4,9,21.0,6700.0,319.04761904761904,4-1-3-5-7-14-6-9*
1011,4,9,22.0,7750.0,352.27272727272725,4-3-1-2-5-7-14-6-9*
573,4,9,21.0,7750.0,369.04761904761904,4-3-1-2-5-7-14-6-9*
585,4,10,26.0,5620.0,216.15384615384616,4-3-5-14-7-9-10*
583,4,10,25.0,5620.0,224.8,4-3-5-14-6-9-10*
590,4,10,28.0,6740.0,240.71428571428572,4-1-3-5-7-9-10*
1129,4,10,28.0,6740.0,240.71428571428572,4-1-3-5-14-6-9-10*
1130,4,10,28.0,6740.0,240.71428571428572,4-1-3-5-14-7-9-10*
582,4,10,23.0,5620.0,244.34782608695653,4-3-5-7-9-10*
592,4,10,26.0,6430.0,247.30769230769232,4-1-2-5-7-9-10*
1124,4,10,26.0,6430.0,247.30769230769232,4-1-2-5-14-6-9-10*
1125,4,10,26.0,6430.0,247.30769230769232,4-1-2-5-14-7-9-10*
593,4,10,25.0,6430.0,257.2,4-1-2-5-14-6-9-10*
595,4,10,26.0,6740.0,259.2307692307692,4-1-3-5-14-7-9-10*
591,4,10,25.0,6740.0,269.6,4-1-3-5-14-6-9-10*
584,4,10,26.0,7020.0,270.0,4-3-5-7-14-6-9-10*
586,4,10,27.0,7650.0,283.3333333333333,4-3-1-2-5-7-9-10*
1126,4,10,27.0,7650.0,283.3333333333333,4-3-1-2-5-14-6-9-10*
1127,4,10,27.0,7650.0,283.3333333333333,4-3-1-2-5-14-7-9-10*
589,4,10,26.0,7650.0,294.2307692307692,4-3-1-2-5-14-7-9-10*
587,4,10,25.0,7650.0,306.0,4-3-1-2-5-14-6-9-10*
596,4,10,26.0,8090.0,311.15384615384613,4-1-2-5-7-14-6-9-10*
594,4,10,26.0,8320.0,320.0,4-1-3-5-7-14-6-9-10*
1128,4,10,27.0,9410.0,348.51851851851853,4-3-1-2-5-7-14-6-9-10*
588,4,10,26.0,9410.0,361.9230769230769,4-3-1-2-5-7-14-6-9-10*
597,4,11,14.0,180.0,12.857142857142858,4-3-11*
598,4,11,19.0,480.0,25.263157894736842,4-1-3-11*
599,4,11,25.0,1790.0,71.6,4-1-2-5-3-11*
602,4,11,35.0,6400.0,182.85714285714286,4-3-5-14-6-9-10-11*
600,4,11,33.0,6400.0,193.93939393939394,4-3-5-7-9-10-11*
603,4,11,35.0,7540.0,215.42857142857142,4-1-3-5-14-6-9-10-11*
601,4,11,33.0,7540.0,228.4848484848485,4-1-3-5-7-9-10-11*
604,4,11,37.0,8470.0,228.9189189189189,4-3-1-2-5-7-9-10-11*
605,4,11,35.0,8470.0,242.0,4-3-1-2-5-14-6-9-10-11*
612,4,12,31.0,5190.0,167.41935483870967,4-3-5-14-7-9-12*
608,4,12,30.0,5190.0,173.0,4-3-5-14-6-9-12*
1283,4,12,31.0,5720.0,184.51612903225808,4-3-5-14-7-9-13-12*
606,4,12,28.0,5190.0,185.35714285714286,4-3-5-7-9-12*
1280,4,12,30.0,5720.0,190.66666666666666,4-3-5-14-6-9-13-12*
1282,4,12,31.0,6020.0,194.19354838709677,4-1-2-5-7-9-12*
1287,4,12,31.0,6020.0,194.19354838709677,4-1-2-5-14-6-9-12*
1279,4,12,28.0,5720.0,204.28571428571428,4-3-5-7-9-13-12*
610,4,12,31.0,6540.0,210.96774193548387,4-3-5-7-14-6-9-12*
1284,4,12,31.0,6560.0,211.61290322580646,4-1-2-5-7-9-13-12*
1285,4,12,31.0,6890.0,222.25806451612902,4-3-5-14-7-9-10-12*
614,4,12,32.0,7180.0,224.375,4-3-1-2-5-7-9-12*
1288,4,12,31.0,7080.0,228.38709677419354,4-3-5-7-14-6-9-13-12*
1281,4,12,30.0,6890.0,229.66666666666666,4-3-5-14-6-9-10-12*
620,4,12,31.0,7180.0,231.61290322580646,4-3-1-2-5-14-7-9-12*
616,4,12,30.0,7180.0,239.33333333333334,4-3-1-2-5-14-6-9-12*
607,4,12,28.0,6890.0,246.07142857142858,4-3-5-7-9-10-12*
609,4,12,28.0,6890.0,246.07142857142858,4-3-5-14-6-9-10-12*
613,4,12,28.0,6890.0,246.07142857142858,4-3-5-14-7-9-10-12*
1286,4,12,31.0,7720.0,249.03225806451613,4-1-2-5-7-9-10-12*
618,4,12,31.0,8890.0,286.7741935483871,4-3-1-2-5-7-14-6-9-12*
611,4,12,28.0,8310.0,296.7857142857143,4-3-5-7-14-6-9-10-12*
615,4,12,28.0,8960.0,320.0,4-3-1-2-5-7-9-10-12*
617,4,12,28.0,8960.0,320.0,4-3-1-2-5-14-6-9-10-12*
619,4,12,28.0,10740.0,383.57142857142856,4-3-1-2-5-7-14-6-9-10-12*
624,4,13,29.0,4550.0,156.89655172413794,4-3-5-14-7-9-13*
622,4,13,28.0,4550.0,162.5,4-3-5-14-6-9-13*
621,4,13,26.0,4550.0,175.0,4-3-5-7-9-13*
1396,4,13,29.0,5370.0,185.17241379310346,4-1-2-5-7-9-13*
1397,4,13,29.0,5370.0,185.17241379310346,4-1-2-5-14-6-9-13*
1398,4,13,29.0,5370.0,185.17241379310346,4-1-2-5-14-7-9-13*
629,4,13,30.0,5720.0,190.66666666666666,4-3-5-7-9-12-13*
630,4,13,30.0,5720.0,190.66666666666666,4-3-5-14-6-9-12-13*
632,4,13,30.0,5720.0,190.66666666666666,4-3-5-14-7-9-12-13*
1401,4,13,29.0,5720.0,197.24137931034483,4-3-5-14-7-9-12-13*
623,4,13,29.0,5890.0,203.10344827586206,4-3-5-7-14-6-9-13*
1400,4,13,28.0,5720.0,204.28571428571428,4-3-5-14-6-9-12-13*
625,4,13,30.0,6520.0,217.33333333333334,4-3-1-2-5-7-9-13*
628,4,13,29.0,6520.0,224.82758620689654,4-3-1-2-5-14-7-9-13*
1402,4,13,29.0,6560.0,226.20689655172413,4-1-2-5-7-9-12-13*
1404,4,13,29.0,6560.0,226.20689655172413,4-1-2-5-14-6-9-12-13*
1405,4,13,29.0,6560.0,226.20689655172413,4-1-2-5-14-7-9-12-13*
626,4,13,28.0,6520.0,232.85714285714286,4-3-1-2-5-14-6-9-13*
631,4,13,30.0,7080.0,236.0,4-3-5-7-14-6-9-12-13*
1399,4,13,29.0,6970.0,240.3448275862069,4-1-2-5-7-14-6-9-13*
1403,4,13,29.0,7080.0,244.13793103448276,4-3-5-7-14-6-9-12-13*
633,4,13,30.0,7730.0,257.6666666666667,4-3-1-2-5-7-9-12-13*
634,4,13,30.0,7730.0,257.6666666666667,4-3-1-2-5-14-6-9-12-13*
627,4,13,29.0,8220.0,283.44827586206895,4-3-1-2-5-7-14-6-9-13*
635,4,13,30.0,9450.0,315.0,4-3-1-2-5-7-14-6-9-12-13*
636,4,14,11.0,400.0,36.36363636363637,4-3-5-14*
637,4,14,12.0,750.0,62.5,4-3-5-7-14*
640,4,14,16.0,1040.0,65.0,4-1-3-5-14*
642,4,14,14.0,1080.0,77.14285714285714,4-1-2-5-14*
1498,4,14,16.0,1570.0,98.125,4-1-3-5-7-14*
638,4,14,15.0,1640.0,109.33333333333333,4-3-1-2-5-14*
1496,4,14,14.0,1690.0,120.71428571428571,4-1-2-5-7-14*
641,4,14,12.0,1570.0,130.83333333333334,4-1-3-5-7-14*
643,4,14,12.0,1690.0,140.83333333333334,4-1-2-5-7-14*
1503,4,14,42.0,6400.0,152.38095238095238,4-3-11-10-9-7-5-14*
1497,4,14,15.0,2350.0,156.66666666666666,4-3-1-2-5-7-14*
644,4,14,46.0,8470.0,184.1304347826087,4-1-2-5-3-11-10-9-6-14*
639,4,14,12.0,2350.0,195.83333333333334,4-3-1-2-5-7-14*
1499,4,14,27.0,5440.0,201.4814814814815,4-3-5-7-9-6-14*
646,4,14,47.0,9920.0,211.06382978723406,4-1-2-5-3-11-10-12-9-6-14*
648,4,14,47.0,10500.0,223.40425531914894,4-1-2-5-3-11-10-12-13-9-6-14*
645,4,14,28.0,8470.0,302.5,4-1-2-5-3-11-10-9-7-14*
647,4,14,28.0,9920.0,354.2857142857143,4-1-2-5-3-11-10-12-9-7-14*
649,4,14,28.0,10500.0,375.0,4-1-2-5-3-11-10-12-13-9-7-14*
1502,4,14,16.0,6700.0,418.75,4-1-3-5-7-9-6-14*
1500,4,14,14.0,6510.0,465.0,4-1-2-5-7-9-6-14*
1504,4,14,16.0,7540.0,471.25,4-1-3-11-10-9-7-5-14*
1501,4,14,15.0,7750.0,516.6666666666666,4-3-1-2-5-7-9-6-14*
668,5,6,5.0,200.0,40.0,5-14-6*
669,5,6,6.0,500.0,83.33333333333333,5-7-14-6*
671,5,6,36.0,5840.0,162.22222222222223,5-3-11-10-9-6*
677,5,6,40.0,7750.0,193.75,5-2-1-3-11-10-9-6*
673,5,6,37.0,7240.0,195.67567567567568,5-3-11-10-12-9-6*
670,5,6,20.0,4020.0,201.0,5-14-7-9-6*
675,5,6,37.0,7800.0,210.8108108108108,5-3-11-10-12-13-9-6*
823,5,6,17.0,4020.0,236.47058823529412,5-7-9-6*
679,5,6,37.0,9190.0,248.3783783783784,5-2-1-3-11-10-12-9-6*
681,5,6,37.0,9770.0,264.05405405405406,5-2-1-3-11-10-12-13-9-6*
672,5,6,22.0,7210.0,327.72727272727275,5-3-11-10-9-7-14-6*
674,5,6,22.0,8630.0,392.27272727272725,5-3-11-10-12-9-7-14-6*
676,5,6,22.0,9200.0,418.1818181818182,5-3-11-10-12-13-9-7-14-6*
678,5,6,22.0,9480.0,430.90909090909093,5-2-1-3-11-10-9-7-14-6*
824,5,6,9.0,4020.0,446.6666666666667,5-14-7-9-6*
680,5,6,22.0,10940.0,497.27272727272725,5-2-1-3-11-10-12-9-7-14-6*
682,5,6,22.0,11530.0,524.0909090909091,5-2-1-3-11-10-12-13-9-7-14-6*
684,5,7,5.0,200.0,40.0,5-14-7*
683,5,7,2.0,200.0,100.0,5-7*
685,5,7,37.0,5840.0,157.83783783783784,5-3-11-10-9-7*
691,5,7,41.0,7750.0,189.02439024390245,5-2-1-3-11-10-9-7*
687,5,7,38.0,7240.0,190.52631578947367,5-3-11-10-12-9-7*
883,5,7,20.0,4020.0,201.0,5-14-6-9-7*
689,5,7,38.0,7800.0,205.26315789473685,5-3-11-10-12-13-9-7*
693,5,7,38.0,9190.0,241.8421052631579,5-2-1-3-11-10-12-9-7*
695,5,7,38.0,9770.0,257.10526315789474,5-2-1-3-11-10-12-13-9-7*
686,5,7,21.0,7210.0,343.3333333333333,5-3-11-10-9-6-14-7*
688,5,7,21.0,8630.0,410.95238095238096,5-3-11-10-12-9-6-14-7*
690,5,7,21.0,9200.0,438.0952380952381,5-3-11-10-12-13-9-6-14-7*
692,5,7,21.0,9480.0,451.42857142857144,5-2-1-3-11-10-9-6-14-7*
694,5,7,21.0,10940.0,520.952380952381,5-2-1-3-11-10-12-9-6-14-7*
696,5,7,21.0,11530.0,549.047619047619,5-2-1-3-11-10-12-13-9-6-14-7*
697,5,8,11.0,60.0,5.454545454545454,5-14-8*
698,5,8,12.0,290.0,24.166666666666668,5-7-14-8*
699,5,8,46.0,6290.0,136.7391304347826,5-3-11-10-9-6-14-8*
701,5,8,47.0,7690.0,163.61702127659575,5-3-11-10-12-9-6-14-8*
944,5,8,27.0,4420.0,163.7037037037037,5-7-9-6-14-8*
705,5,8,50.0,8260.0,165.2,5-2-1-3-11-10-9-6-14-8*
703,5,8,47.0,8250.0,175.53191489361703,5-3-11-10-12-13-9-6-14-8*
707,5,8,47.0,9700.0,206.38297872340425,5-2-1-3-11-10-12-9-6-14-8*
709,5,8,47.0,10280.0,218.72340425531914,5-2-1-3-11-10-12-13-9-6-14-8*
700,5,8,28.0,6290.0,224.64285714285714,5-3-11-10-9-7-14-8*
702,5,8,28.0,7690.0,274.64285714285717,5-3-11-10-12-9-7-14-8*
704,5,8,28.0,8250.0,294.64285714285717,5-3-11-10-12-13-9-7-14-8*
706,5,8,28.0,8260.0,295.0,5-2-1-3-11-10-9-7-14-8*
708,5,8,28.0,9700.0,346.42857142857144,5-2-1-3-11-10-12-9-7-14-8*
710,5,8,28.0,10280.0,367.14285714285717,5-2-1-3-11-10-12-13-9-7-14-8*
1016,5,9,39.0,5950.0,152.56410256410257,5-3-11-10-12-9*
715,5,9,29.0,4570.0,157.58620689655172,5-3-11-10-9*
1019,5,9,39.0,6500.0,166.66666666666666,5-3-11-10-12-13-9*
718,5,9,33.0,6120.0,185.45454545454547,5-2-1-3-11-10-9*
716,5,9,30.0,5950.0,198.33333333333334,5-3-11-10-12-9*
717,5,9,30.0,6500.0,216.66666666666666,5-3-11-10-12-13-9*
714,5,9,13.0,2840.0,218.46153846153845,5-14-7-9*
1015,5,9,29.0,6790.0,234.13793103448276,5-2-1-4-3-11-10-9*
712,5,9,12.0,2840.0,236.66666666666666,5-14-6-9*
719,5,9,30.0,7540.0,251.33333333333334,5-2-1-3-11-10-12-9*
720,5,9,30.0,8110.0,270.3333333333333,5-2-1-3-11-10-12-13-9*
1014,5,9,22.0,6120.0,278.1818181818182,5-2-1-3-11-10-9*
1018,5,9,29.0,8220.0,283.44827586206895,5-2-1-4-3-11-10-12-9*
711,5,9,10.0,2840.0,284.0,5-7-9*
1021,5,9,29.0,8790.0,303.1034482758621,5-2-1-4-3-11-10-12-13-9*
713,5,9,13.0,4020.0,309.2307692307692,5-7-14-6-9*
1017,5,9,22.0,7540.0,342.72727272727275,5-2-1-3-11-10-12-9*
1020,5,9,22.0,8110.0,368.6363636363636,5-2-1-3-11-10-12-13-9*
725,5,10,24.0,630.0,26.25,5-3-11-10*
730,5,10,28.0,1830.0,65.35714285714286,5-2-1-3-11-10*
726,5,10,25.0,5470.0,218.8,5-7-9-12-10*
727,5,10,25.0,5470.0,218.8,5-14-6-9-12-10*
729,5,10,25.0,5470.0,218.8,5-14-7-9-12-10*
724,5,10,18.0,4230.0,235.0,5-14-7-9-10*
1134,5,10,25.0,6020.0,240.8,5-7-9-13-12-10*
722,5,10,17.0,4230.0,248.8235294117647,5-14-6-9-10*
728,5,10,25.0,6740.0,269.6,5-7-14-6-9-12-10*
721,5,10,15.0,4230.0,282.0,5-7-9-10*
1132,5,10,18.0,5470.0,303.8888888888889,5-14-7-9-12-10*
723,5,10,18.0,5480.0,304.44444444444446,5-7-14-6-9-10*
1131,5,10,17.0,5470.0,321.7647058823529,5-14-6-9-12-10*
1136,5,10,18.0,6020.0,334.44444444444446,5-14-7-9-13-12-10*
1135,5,10,17.0,6020.0,354.11764705882354,5-14-6-9-13-12-10*
1133,5,10,18.0,6740.0,374.44444444444446,5-7-14-6-9-12-10*
1137,5,10,18.0,7300.0,405.55555555555554,5-7-14-6-9-13-12-10*
731,5,11,14.0,280.0,20.0,5-3-11*
1173,5,11,25.0,1790.0,71.6,5-2-1-4-3-11*
732,5,11,18.0,1400.0,77.77777777777777,5-2-1-3-11*
734,5,11,28.0,4930.0,176.07142857142858,5-14-7-9-10-11*
733,5,11,25.0,4930.0,197.2,5-7-9-10-11*
743,5,12,29.0,1010.0,34.827586206896555,5-3-11-10-12*
745,5,12,33.0,2250.0,68.18181818181819,5-2-1-3-11-10-12*
1296,5,12,39.0,5950.0,152.56410256410257,5-3-11-10-9-12*
1298,5,12,39.0,6500.0,166.66666666666666,5-3-11-10-9-13-12*
741,5,12,23.0,3890.0,169.1304347826087,5-14-7-9-12*
737,5,12,22.0,3890.0,176.8181818181818,5-14-6-9-12*
1292,5,12,23.0,4410.0,191.7391304347826,5-14-7-9-13-12*
735,5,12,20.0,3890.0,194.5,5-7-9-12*
744,5,12,30.0,5950.0,198.33333333333334,5-3-11-10-9-12*
1290,5,12,22.0,4410.0,200.45454545454547,5-14-6-9-13-12*
1289,5,12,20.0,4410.0,220.5,5-7-9-13-12*
739,5,12,23.0,5090.0,221.30434782608697,5-7-14-6-9-12*
1297,5,12,32.0,7540.0,235.625,5-2-1-3-11-10-9-12*
1293,5,12,23.0,5470.0,237.82608695652175,5-14-7-9-10-12*
1294,5,12,23.0,5620.0,244.34782608695653,5-7-14-6-9-13-12*
1291,5,12,22.0,5470.0,248.63636363636363,5-14-6-9-10-12*
746,5,12,30.0,7540.0,251.33333333333334,5-2-1-3-11-10-9-12*
736,5,12,20.0,5470.0,273.5,5-7-9-10-12*
738,5,12,20.0,5470.0,273.5,5-14-6-9-10-12*
742,5,12,20.0,5470.0,273.5,5-14-7-9-10-12*
1295,5,12,23.0,6740.0,293.04347826086956,5-7-14-6-9-10-12*
740,5,12,20.0,6740.0,337.0,5-7-14-6-9-10-12*
756,5,13,22.0,1160.0,52.72727272727273,5-3-11-10-12-13*
760,5,13,22.0,2420.0,110.0,5-2-1-3-11-10-12-13*
755,5,13,37.0,5030.0,135.94594594594594,5-3-11-10-9-13*
1414,5,13,47.0,6500.0,138.29787234042553,5-3-11-10-12-9-13*
750,5,13,21.0,3270.0,155.71428571428572,5-14-7-9-13*
759,5,13,41.0,6600.0,160.97560975609755,5-2-1-3-11-10-9-13*
748,5,13,20.0,3270.0,163.5,5-14-6-9-13*
758,5,13,38.0,6500.0,171.05263157894737,5-3-11-10-12-9-13*
1410,5,13,37.0,6500.0,175.67567567567568,5-3-11-10-9-12-13*
747,5,13,18.0,3270.0,181.66666666666666,5-7-9-13*
1412,5,13,37.0,7270.0,196.48648648648648,5-2-1-4-3-11-10-9-13*
751,5,13,22.0,4410.0,200.45454545454547,5-7-9-12-13*
752,5,13,22.0,4410.0,200.45454545454547,5-14-6-9-12-13*
754,5,13,22.0,4410.0,200.45454545454547,5-14-7-9-12-13*
1407,5,13,21.0,4410.0,210.0,5-14-7-9-12-13*
749,5,13,21.0,4460.0,212.38095238095238,5-7-14-6-9-13*
1409,5,13,30.0,6600.0,220.0,5-2-1-3-11-10-9-13*
1406,5,13,20.0,4410.0,220.5,5-14-6-9-12-13*
1413,5,13,37.0,8790.0,237.56756756756758,5-2-1-4-3-11-10-9-12-13*
753,5,13,22.0,5620.0,255.45454545454547,5-7-14-6-9-12-13*
1408,5,13,21.0,5620.0,267.6190476190476,5-7-14-6-9-12-13*
1411,5,13,30.0,8110.0,270.3333333333333,5-2-1-3-11-10-9-12-13*
757,5,13,22.0,6500.0,295.45454545454544,5-3-11-10-9-12-13*
761,5,13,22.0,8110.0,368.6363636363636,5-2-1-3-11-10-9-12-13*
762,5,14,3.0,0.0,0.0,5-14*
763,5,14,4.0,200.0,50.0,5-7-14*
764,5,14,38.0,5840.0,153.68421052631578,5-3-11-10-9-6-14*
770,5,14,42.0,7750.0,184.52380952380952,5-2-1-3-11-10-9-6-14*
766,5,14,39.0,7240.0,185.64102564102564,5-3-11-10-12-9-6-14*
768,5,14,39.0,7800.0,200.0,5-3-11-10-12-13-9-6-14*
1505,5,14,19.0,4020.0,211.57894736842104,5-7-9-6-14*
772,5,14,39.0,9190.0,235.64102564102564,5-2-1-3-11-10-12-9-6-14*
774,5,14,39.0,9770.0,250.51282051282053,5-2-1-3-11-10-12-13-9-6-14*
765,5,14,20.0,5840.0,292.0,5-3-11-10-9-7-14*
767,5,14,20.0,7240.0,362.0,5-3-11-10-12-9-7-14*
771,5,14,20.0,7750.0,387.5,5-2-1-3-11-10-9-7-14*
769,5,14,20.0,7800.0,390.0,5-3-11-10-12-13-9-7-14*
773,5,14,20.0,9190.0,459.5,5-2-1-3-11-10-12-9-7-14*
775,5,14,20.0,9770.0,488.5,5-2-1-3-11-10-12-13-9-7-14*
825,6,7,4.0,100.0,25.0,6-14-7*
826,6,7,7.0,500.0,71.42857142857143,6-14-5-7*
827,6,7,15.0,1860.0,124.0,6-9-7*
828,6,8,10.0,30.0,3.0,6-14-8*
829,6,8,25.0,2200.0,88.0,6-9-7-14-8*
945,6,8,28.0,4420.0,157.85714285714286,6-9-7-5-14-8*
830,6,8,17.0,4420.0,260.0,6-9-7-5-14-8*
831,6,9,7.0,880.0,125.71428571428571,6-9*
832,6,9,12.0,1860.0,155.0,6-14-7-9*
1029,6,9,44.0,7240.0,164.54545454545453,6-14-5-3-11-10-12-9*
1023,6,9,34.0,5840.0,171.76470588235293,6-14-5-3-11-10-9*
1027,6,9,34.0,8470.0,249.11764705882354,6-14-5-2-1-4-3-11-10-9*
1022,6,9,15.0,4020.0,268.0,6-14-5-7-9*
1025,6,9,27.0,7750.0,287.037037037037,6-14-5-2-1-3-11-10-9*
1033,6,9,34.0,9920.0,291.7647058823529,6-14-5-2-1-4-3-11-10-12-9*
1031,6,9,27.0,9190.0,340.3703703703704,6-14-5-2-1-3-11-10-12-9*
1024,6,9,16.0,7210.0,450.625,6-14-7-5-3-11-10-9*
1030,6,9,16.0,8630.0,539.375,6-14-7-5-3-11-10-12-9*
1026,6,9,16.0,9480.0,592.5,6-14-7-5-2-1-3-11-10-9*
1028,6,9,16.0,10250.0,640.625,6-14-7-5-2-1-4-3-11-10-9*
1032,6,9,16.0,10940.0,683.75,6-14-7-5-2-1-3-11-10-12-9*
1034,6,9,16.0,11720.0,732.5,6-14-7-5-2-1-4-3-11-10-12-9*
835,6,10,22.0,3360.0,152.72727272727272,6-9-12-10*
1141,6,10,22.0,3890.0,176.8181818181818,6-9-13-12-10*
833,6,10,12.0,2150.0,179.16666666666666,6-9-10*
834,6,10,17.0,3200.0,188.23529411764707,6-14-7-9-10*
836,6,10,22.0,4430.0,201.36363636363637,6-14-7-9-12-10*
1139,6,10,17.0,4430.0,260.5882352941176,6-14-7-9-12-10*
1138,6,10,20.0,5480.0,274.0,6-14-5-7-9-10*
1142,6,10,17.0,4970.0,292.3529411764706,6-14-7-9-13-12-10*
1140,6,10,20.0,6740.0,337.0,6-14-5-7-9-12-10*
1143,6,10,20.0,7300.0,365.0,6-14-5-7-9-13-12-10*
837,6,11,19.0,600.0,31.57894736842105,6-14-5-3-11*
838,6,11,20.0,1020.0,51.0,6-14-7-5-3-11*
1175,6,11,30.0,2520.0,84.0,6-14-5-2-1-4-3-11*
840,6,11,23.0,2080.0,90.43478260869566,6-14-5-2-1-3-11*
841,6,11,23.0,2860.0,124.34782608695652,6-14-7-5-2-1-3-11*
839,6,11,22.0,2820.0,128.1818181818182,6-9-10-11*
1174,6,11,20.0,2860.0,143.0,6-14-7-5-2-1-3-11*
1177,6,11,34.0,5520.0,162.35294117647058,6-9-7-14-5-3-11*
1176,6,11,20.0,3350.0,167.5,6-14-7-5-2-1-4-3-11*
843,6,11,31.0,5520.0,178.06451612903226,6-9-7-5-3-11*
842,6,11,30.0,6200.0,206.66666666666666,6-14-5-7-9-10-11*
1178,6,11,34.0,7710.0,226.76470588235293,6-9-7-14-5-2-1-3-11*
844,6,11,23.0,5520.0,240.0,6-9-7-14-5-3-11*
1179,6,11,34.0,8440.0,248.23529411764707,6-9-7-14-5-2-1-4-3-11*
845,6,11,23.0,7710.0,335.2173913043478,6-9-7-5-2-1-3-11*
846,6,11,23.0,7710.0,335.2173913043478,6-9-7-14-5-2-1-3-11*
847,6,12,17.0,1900.0,111.76470588235294,6-9-12*
849,6,12,22.0,2900.0,131.8181818181818,6-14-7-9-12*
1299,6,12,17.0,2400.0,141.1764705882353,6-9-13-12*
1300,6,12,22.0,3410.0,155.0,6-14-7-9-13-12*
1305,6,12,44.0,7240.0,164.54545454545453,6-14-5-3-11-10-9-12*
1309,6,12,44.0,7800.0,177.27272727272728,6-14-5-3-11-10-9-13-12*
848,6,12,17.0,3360.0,197.64705882352942,6-9-10-12*
1301,6,12,22.0,4430.0,201.36363636363637,6-14-7-9-10-12*
1302,6,12,25.0,5090.0,203.6,6-14-5-7-9-12*
1303,6,12,25.0,5620.0,224.8,6-14-5-7-9-13-12*
1307,6,12,37.0,9190.0,248.3783783783784,6-14-5-2-1-3-11-10-9-12*
850,6,12,17.0,4430.0,260.5882352941176,6-14-7-9-10-12*
1304,6,12,25.0,6740.0,269.6,6-14-5-7-9-10-12*
1306,6,12,26.0,8630.0,331.9230769230769,6-14-7-5-3-11-10-9-12*
1310,6,12,26.0,9200.0,353.84615384615387,6-14-7-5-3-11-10-9-13-12*
1308,6,12,26.0,10940.0,420.7692307692308,6-14-7-5-2-1-3-11-10-9-12*
851,6,13,15.0,1290.0,86.0,6-9-13*
853,6,13,20.0,2280.0,114.0,6-14-7-9-13*
852,6,13,19.0,2400.0,126.3157894736842,6-9-12-13*
1418,6,13,42.0,6310.0,150.23809523809524,6-14-5-3-11-10-9-13*
1415,6,13,20.0,3410.0,170.5,6-14-7-9-12-13*
854,6,13,19.0,3410.0,179.47368421052633,6-14-7-9-12-13*
1422,6,13,42.0,7800.0,185.71428571428572,6-14-5-3-11-10-9-12-13*
1416,6,13,23.0,4460.0,193.91304347826087,6-14-5-7-9-13*
1426,6,13,42.0,8960.0,213.33333333333334,6-14-5-2-1-4-3-11-10-9-13*
1420,6,13,35.0,8240.0,235.42857142857142,6-14-5-2-1-3-11-10-9-13*
1417,6,13,23.0,5620.0,244.34782608695653,6-14-5-7-9-12-13*
1424,6,13,35.0,9770.0,279.14285714285717,6-14-5-2-1-3-11-10-9-12-13*
1419,6,13,24.0,7690.0,320.4166666666667,6-14-7-5-3-11-10-9-13*
1423,6,13,24.0,9200.0,383.3333333333333,6-14-7-5-3-11-10-9-12-13*
1421,6,13,24.0,9980.0,415.8333333333333,6-14-7-5-2-1-3-11-10-9-13*
1425,6,13,24.0,11530.0,480.4166666666667,6-14-7-5-2-1-3-11-10-9-12-13*
855,6,14,2.0,0.0,0.0,6-14*
856,6,14,17.0,1860.0,109.41176470588235,6-9-7-14*
1506,6,14,20.0,4020.0,201.0,6-9-7-5-14*
857,6,14,9.0,4020.0,446.6666666666667,6-9-7-5-14*
884,7,8,10.0,30.0,3.0,7-14-8*
885,7,8,13.0,290.0,22.307692307692307,7-5-14-8*
886,7,8,25.0,2200.0,88.0,7-9-6-14-8*
887,7,9,8.0,880.0,110.0,7-9*
888,7,9,11.0,1860.0,169.0909090909091,7-14-6-9*
1042,7,9,41.0,7240.0,176.58536585365854,7-5-3-11-10-12-9*
1036,7,9,31.0,5840.0,188.38709677419354,7-5-3-11-10-9*
1040,7,9,31.0,8470.0,273.2258064516129,7-5-2-1-4-3-11-10-9*
1035,7,9,14.0,4020.0,287.14285714285717,7-5-14-6-9*
1046,7,9,31.0,9920.0,320.0,7-5-2-1-4-3-11-10-12-9*
1038,7,9,24.0,7750.0,322.9166666666667,7-5-2-1-3-11-10-9*
1044,7,9,24.0,9190.0,382.9166666666667,7-5-2-1-3-11-10-12-9*
1037,7,9,15.0,5840.0,389.3333333333333,7-14-5-3-11-10-9*
1043,7,9,15.0,7240.0,482.6666666666667,7-14-5-3-11-10-12-9*
1039,7,9,15.0,7750.0,516.6666666666666,7-14-5-2-1-3-11-10-9*
1041,7,9,15.0,8470.0,564.6666666666666,7-14-5-2-1-4-3-11-10-9*
1045,7,9,15.0,9190.0,612.6666666666666,7-14-5-2-1-3-11-10-12-9*
1047,7,9,15.0,9920.0,661.3333333333334,7-14-5-2-1-4-3-11-10-12-9*
891,7,10,23.0,3360.0,146.08695652173913,7-9-12-10*
889,7,10,13.0,2150.0,165.3846153846154,7-9-10*
1147,7,10,23.0,3890.0,169.1304347826087,7-9-13-12-10*
892,7,10,23.0,4430.0,192.6086956521739,7-14-6-9-12-10*
890,7,10,16.0,3200.0,200.0,7-14-6-9-10*
1145,7,10,16.0,4430.0,276.875,7-14-6-9-12-10*
1144,7,10,19.0,5480.0,288.42105263157896,7-5-14-6-9-10*
1148,7,10,16.0,4970.0,310.625,7-14-6-9-13-12-10*
1146,7,10,19.0,6740.0,354.7368421052632,7-5-14-6-9-12-10*
1149,7,10,19.0,7300.0,384.2105263157895,7-5-14-6-9-13-12-10*
894,7,11,19.0,600.0,31.57894736842105,7-14-5-3-11*
893,7,11,16.0,600.0,37.5,7-5-3-11*
1181,7,11,27.0,2520.0,93.33333333333333,7-5-2-1-4-3-11*
895,7,11,20.0,2080.0,104.0,7-5-2-1-3-11*
896,7,11,20.0,2080.0,104.0,7-14-5-2-1-3-11*
1180,7,11,19.0,2080.0,109.47368421052632,7-14-5-2-1-3-11*
897,7,11,23.0,2820.0,122.6086956521739,7-9-10-11*
1182,7,11,19.0,2520.0,132.6315789473684,7-14-5-2-1-4-3-11*
898,7,12,18.0,1900.0,105.55555555555556,7-9-12*
1311,7,12,18.0,2400.0,133.33333333333334,7-9-13-12*
900,7,12,21.0,2900.0,138.0952380952381,7-14-6-9-12*
1312,7,12,21.0,3410.0,162.38095238095238,7-14-6-9-13-12*
1317,7,12,41.0,7240.0,176.58536585365854,7-5-3-11-10-9-12*
899,7,12,18.0,3360.0,186.66666666666666,7-9-10-12*
1321,7,12,41.0,7800.0,190.2439024390244,7-5-3-11-10-9-13-12*
1313,7,12,21.0,4430.0,210.95238095238096,7-14-6-9-10-12*
1314,7,12,24.0,5090.0,212.08333333333334,7-5-14-6-9-12*
1315,7,12,24.0,5620.0,234.16666666666666,7-5-14-6-9-13-12*
901,7,12,18.0,4430.0,246.11111111111111,7-14-6-9-10-12*
1319,7,12,34.0,9190.0,270.29411764705884,7-5-2-1-3-11-10-9-12*
1316,7,12,24.0,6740.0,280.8333333333333,7-5-14-6-9-10-12*
1318,7,12,25.0,7240.0,289.6,7-14-5-3-11-10-9-12*
1322,7,12,25.0,7800.0,312.0,7-14-5-3-11-10-9-13-12*
1320,7,12,25.0,9190.0,367.6,7-14-5-2-1-3-11-10-9-12*
902,7,13,16.0,1290.0,80.625,7-9-13*
903,7,13,19.0,2280.0,120.0,7-14-6-9-13*
904,7,13,20.0,2400.0,120.0,7-9-12-13*
1430,7,13,39.0,6310.0,161.7948717948718,7-5-3-11-10-9-13*
905,7,13,20.0,3410.0,170.5,7-14-6-9-12-13*
1427,7,13,19.0,3410.0,179.47368421052633,7-14-6-9-12-13*
1434,7,13,39.0,7800.0,200.0,7-5-3-11-10-9-12-13*
1428,7,13,22.0,4460.0,202.72727272727272,7-5-14-6-9-13*
1438,7,13,39.0,8960.0,229.74358974358975,7-5-2-1-4-3-11-10-9-13*
1429,7,13,22.0,5620.0,255.45454545454547,7-5-14-6-9-12-13*
1432,7,13,32.0,8240.0,257.5,7-5-2-1-3-11-10-9-13*
1431,7,13,23.0,6310.0,274.3478260869565,7-14-5-3-11-10-9-13*
1436,7,13,32.0,9770.0,305.3125,7-5-2-1-3-11-10-9-12-13*
1435,7,13,23.0,7800.0,339.1304347826087,7-14-5-3-11-10-9-12-13*
1433,7,13,23.0,8240.0,358.2608695652174,7-14-5-2-1-3-11-10-9-13*
1437,7,13,23.0,9770.0,424.7826086956522,7-14-5-2-1-3-11-10-9-12-13*
906,7,14,2.0,0.0,0.0,7-14*
907,7,14,5.0,200.0,40.0,7-5-14*
908,7,14,17.0,1860.0,109.41176470588235,7-9-6-14*
947,8,9,18.0,1190.0,66.11111111111111,8-14-7-9*
946,8,9,17.0,1190.0,70.0,8-14-6-9*
1048,8,9,40.0,4990.0,124.75,8-14-5-3-11-10-9*
1054,8,9,50.0,6370.0,127.4,8-14-5-3-11-10-12-9*
948,8,9,21.0,3210.0,152.85714285714286,8-14-5-7-9*
1052,8,9,40.0,7290.0,182.25,8-14-5-2-1-4-3-11-10-9*
1050,8,9,33.0,6600.0,200.0,8-14-5-2-1-3-11-10-9*
1058,8,9,40.0,8720.0,218.0,8-14-5-2-1-4-3-11-10-12-9*
1056,8,9,33.0,8020.0,243.03030303030303,8-14-5-2-1-3-11-10-12-9*
1049,8,9,22.0,6290.0,285.90909090909093,8-14-7-5-3-11-10-9*
1055,8,9,22.0,7690.0,349.54545454545456,8-14-7-5-3-11-10-12-9*
1051,8,9,22.0,8260.0,375.45454545454544,8-14-7-5-2-1-3-11-10-9*
1053,8,9,22.0,9000.0,409.09090909090907,8-14-7-5-2-1-4-3-11-10-9*
1057,8,9,22.0,9700.0,440.90909090909093,8-14-7-5-2-1-3-11-10-12-9*
1059,8,9,22.0,10450.0,475.0,8-14-7-5-2-1-4-3-11-10-12-9*
950,8,10,23.0,2500.0,108.69565217391305,8-14-7-9-10*
949,8,10,22.0,2500.0,113.63636363636364,8-14-6-9-10*
952,8,10,32.0,3710.0,115.9375,8-14-6-9-12-10*
953,8,10,32.0,3710.0,115.9375,8-14-7-9-12-10*
1152,8,10,32.0,4240.0,132.5,8-14-6-9-13-12-10*
1150,8,10,23.0,3710.0,161.30434782608697,8-14-7-9-12-10*
951,8,10,26.0,4640.0,178.46153846153845,8-14-5-7-9-10*
954,8,10,32.0,5880.0,183.75,8-14-5-7-9-12-10*
1153,8,10,23.0,4240.0,184.34782608695653,8-14-7-9-13-12-10*
1151,8,10,26.0,5880.0,226.15384615384616,8-14-5-7-9-12-10*
1154,8,10,26.0,6430.0,247.30769230769232,8-14-5-7-9-13-12-10*
955,8,11,25.0,380.0,15.2,8-14-5-3-11*
956,8,11,26.0,730.0,28.076923076923077,8-14-7-5-3-11*
957,8,11,29.0,1560.0,53.793103448275865,8-14-5-2-1-3-11*
1184,8,11,36.0,1970.0,54.72222222222222,8-14-5-2-1-4-3-11*
958,8,11,29.0,2270.0,78.27586206896552,8-14-7-5-2-1-3-11*
1183,8,11,26.0,2270.0,87.3076923076923,8-14-7-5-2-1-3-11*
959,8,11,32.0,3180.0,99.375,8-14-6-9-10-11*
1185,8,11,26.0,2730.0,105.0,8-14-7-5-2-1-4-3-11*
961,8,11,41.0,5960.0,145.3658536585366,8-14-6-9-7-5-3-11*
960,8,11,36.0,5350.0,148.61111111111111,8-14-5-7-9-10-11*
962,8,11,29.0,8210.0,283.1034482758621,8-14-6-9-7-5-2-1-3-11*
965,8,12,28.0,2210.0,78.92857142857143,8-14-7-9-12*
963,8,12,27.0,2210.0,81.85185185185185,8-14-6-9-12*
1324,8,12,28.0,2710.0,96.78571428571429,8-14-7-9-13-12*
1323,8,12,27.0,2710.0,100.37037037037037,8-14-6-9-13-12*
1328,8,12,50.0,6370.0,127.4,8-14-5-3-11-10-9-12*
1325,8,12,28.0,3710.0,132.5,8-14-7-9-10-12*
964,8,12,27.0,3710.0,137.40740740740742,8-14-6-9-10-12*
966,8,12,27.0,3710.0,137.40740740740742,8-14-7-9-10-12*
967,8,12,31.0,4260.0,137.41935483870967,8-14-5-7-9-12*
1332,8,12,50.0,6920.0,138.4,8-14-5-3-11-10-9-13-12*
1326,8,12,31.0,4780.0,154.19354838709677,8-14-5-7-9-13-12*
1330,8,12,43.0,8020.0,186.51162790697674,8-14-5-2-1-3-11-10-9-12*
1327,8,12,31.0,5880.0,189.67741935483872,8-14-5-7-9-10-12*
968,8,12,27.0,5880.0,217.77777777777777,8-14-5-7-9-10-12*
1329,8,12,32.0,7690.0,240.3125,8-14-7-5-3-11-10-9-12*
1333,8,12,32.0,8250.0,257.8125,8-14-7-5-3-11-10-9-13-12*
1331,8,12,32.0,9700.0,303.125,8-14-7-5-2-1-3-11-10-9-12*
970,8,13,26.0,1600.0,61.53846153846154,8-14-7-9-13*
969,8,13,25.0,1600.0,64.0,8-14-6-9-13*
971,8,13,29.0,2710.0,93.44827586206897,8-14-6-9-12-13*
973,8,13,29.0,2710.0,93.44827586206897,8-14-7-9-12-13*
1439,8,13,26.0,2710.0,104.23076923076923,8-14-7-9-12-13*
1440,8,13,48.0,5450.0,113.54166666666667,8-14-5-3-11-10-9-13*
972,8,13,29.0,3640.0,125.51724137931035,8-14-5-7-9-13*
1444,8,13,48.0,6920.0,144.16666666666666,8-14-5-3-11-10-9-12-13*
1448,8,13,48.0,7770.0,161.875,8-14-5-2-1-4-3-11-10-9-13*
974,8,13,29.0,4780.0,164.82758620689654,8-14-5-7-9-12-13*
1442,8,13,41.0,7080.0,172.6829268292683,8-14-5-2-1-3-11-10-9-13*
1446,8,13,41.0,8590.0,209.5121951219512,8-14-5-2-1-3-11-10-9-12-13*
1441,8,13,30.0,6760.0,225.33333333333334,8-14-7-5-3-11-10-9-13*
1445,8,13,30.0,8250.0,275.0,8-14-7-5-3-11-10-9-12-13*
1443,8,13,30.0,8750.0,291.6666666666667,8-14-7-5-2-1-3-11-10-9-13*
1447,8,13,30.0,10280.0,342.6666666666667,8-14-7-5-2-1-3-11-10-9-12-13*
975,8,14,8.0,0.0,0.0,8-14*
1061,9,10,15.0,2390.0,159.33333333333334,9-12-10*
1155,9,10,15.0,2910.0,194.0,9-13-12-10*
1060,9,10,5.0,1200.0,240.0,9-10*
1062,9,11,15.0,1850.0,123.33333333333333,9-10-11*
1065,9,11,25.0,3180.0,127.2,9-12-10-11*
1066,9,11,25.0,3700.0,148.0,9-13-12-10-11*
1067,9,11,27.0,4220.0,156.2962962962963,9-7-14-5-3-11*
1064,9,11,26.0,4220.0,162.30769230769232,9-6-14-5-3-11*
1063,9,11,24.0,4220.0,175.83333333333334,9-7-5-3-11*
1189,9,11,35.0,6730.0,192.28571428571428,9-7-5-2-1-4-3-11*
1068,9,11,27.0,5520.0,204.44444444444446,9-6-14-7-5-3-11*
1069,9,11,28.0,6050.0,216.07142857142858,9-7-5-2-1-3-11*
1070,9,11,28.0,6050.0,216.07142857142858,9-6-14-5-2-1-3-11*
1071,9,11,28.0,6050.0,216.07142857142858,9-7-14-5-2-1-3-11*
1188,9,11,27.0,6050.0,224.07407407407408,9-7-14-5-2-1-3-11*
1186,9,11,26.0,6050.0,232.69230769230768,9-6-14-5-2-1-3-11*
1192,9,11,27.0,6730.0,249.25925925925927,9-7-14-5-2-1-4-3-11*
1190,9,11,26.0,6730.0,258.84615384615387,9-6-14-5-2-1-4-3-11*
1072,9,11,28.0,7710.0,275.35714285714283,9-6-14-7-5-2-1-3-11*
1187,9,11,27.0,7710.0,285.55555555555554,9-6-14-7-5-2-1-3-11*
1191,9,11,27.0,8440.0,312.5925925925926,9-6-14-7-5-2-1-4-3-11*
1073,9,12,10.0,1000.0,100.0,9-12*
1334,9,12,10.0,1490.0,149.0,9-13-12*
1074,9,12,10.0,2390.0,239.0,9-10-12*
1075,9,13,8.0,400.0,50.0,9-13*
1076,9,13,12.0,1490.0,124.16666666666667,9-12-13*
1078,9,14,10.0,880.0,88.0,9-7-14*
1077,9,14,9.0,880.0,97.77777777777777,9-6-14*
1086,9,14,42.0,5950.0,141.66666666666666,9-12-10-11-3-5-14*
1080,9,14,32.0,4570.0,142.8125,9-10-11-3-5-14*
1084,9,14,32.0,6790.0,212.1875,9-10-11-3-4-1-2-5-14*
1079,9,14,13.0,2840.0,218.46153846153845,9-7-5-14*
1082,9,14,25.0,6120.0,244.8,9-10-11-3-1-2-5-14*
1090,9,14,32.0,8220.0,256.875,9-12-10-11-3-4-1-2-5-14*
1088,9,14,25.0,7540.0,301.6,9-12-10-11-3-1-2-5-14*
1081,9,14,14.0,5840.0,417.14285714285717,9-10-11-3-5-7-14*
1087,9,14,14.0,7240.0,517.1428571428571,9-12-10-11-3-5-7-14*
1083,9,14,14.0,7750.0,553.5714285714286,9-10-11-3-1-2-5-7-14*
1085,9,14,14.0,8470.0,605.0,9-10-11-3-4-1-2-5-7-14*
1089,9,14,14.0,9190.0,656.4285714285714,9-12-10-11-3-1-2-5-7-14*
1091,9,14,14.0,9920.0,708.5714285714286,9-12-10-11-3-4-1-2-5-7-14*
1156,10,11,10.0,150.0,15.0,10-11*
1199,10,11,32.0,5840.0,182.5,10-9-7-14-5-3-11*
1195,10,11,31.0,5840.0,188.38709677419354,10-9-6-14-5-3-11*
1193,10,11,29.0,5840.0,201.3793103448276,10-9-7-5-3-11*
1197,10,11,32.0,7210.0,225.3125,10-9-6-14-7-5-3-11*
1201,10,11,33.0,7750.0,234.84848484848484,10-9-7-5-2-1-3-11*
1194,10,11,30.0,7240.0,241.33333333333334,10-12-9-7-5-3-11*
1196,10,11,30.0,7240.0,241.33333333333334,10-12-9-6-14-5-3-11*
1200,10,11,30.0,7240.0,241.33333333333334,10-12-9-7-14-5-3-11*
1203,10,11,31.0,7750.0,250.0,10-9-6-14-5-2-1-3-11*
1198,10,11,30.0,8630.0,287.6666666666667,10-12-9-6-14-7-5-3-11*
1205,10,11,32.0,9480.0,296.25,10-9-6-14-7-5-2-1-3-11*
1202,10,11,30.0,9190.0,306.3333333333333,10-12-9-7-5-2-1-3-11*
1204,10,11,30.0,9190.0,306.3333333333333,10-12-9-6-14-5-2-1-3-11*
1206,10,11,30.0,10940.0,364.6666666666667,10-12-9-6-14-7-5-2-1-3-11*
1157,10,12,5.0,190.0,38.0,10-12*
1158,10,12,15.0,2390.0,159.33333333333334,10-9-12*
1335,10,12,15.0,2910.0,194.0,10-9-13-12*
1159,10,13,7.0,310.0,44.285714285714285,10-12-13*
1160,10,13,13.0,1630.0,125.38461538461539,10-9-13*
1162,10,13,23.0,2910.0,126.52173913043478,10-12-9-13*
1161,10,13,17.0,2910.0,171.1764705882353,10-9-12-13*
1166,10,14,24.0,3360.0,140.0,10-12-9-6-14*
1507,10,14,24.0,3360.0,140.0,10-12-9-7-14*
1164,10,14,15.0,2150.0,143.33333333333334,10-9-7-14*
1163,10,14,14.0,2150.0,153.57142857142858,10-9-6-14*
1169,10,14,24.0,3890.0,162.08333333333334,10-12-13-9-6-14*
1167,10,14,15.0,3360.0,224.0,10-12-9-7-14*
1508,10,14,24.0,5470.0,227.91666666666666,10-12-9-7-5-14*
1165,10,14,18.0,4230.0,235.0,10-9-7-5-14*
1170,10,14,15.0,3890.0,259.3333333333333,10-12-13-9-7-14*
1168,10,14,18.0,5470.0,303.8888888888889,10-12-9-7-5-14*
1171,10,14,18.0,6020.0,334.44444444444446,10-12-13-9-7-5-14*
1207,11,12,15.0,480.0,32.0,11-10-12*
1208,11,12,25.0,3180.0,127.2,11-10-9-12*
1215,11,12,37.0,5430.0,146.75675675675674,11-3-5-14-7-9-12*
1336,11,12,25.0,3700.0,148.0,11-10-9-13-12*
1211,11,12,36.0,5430.0,150.83333333333334,11-3-5-14-6-9-12*
1209,11,12,34.0,5430.0,159.7058823529412,11-3-5-7-9-12*
1339,11,12,37.0,5960.0,161.0810810810811,11-3-5-14-7-9-13-12*
1338,11,12,36.0,5960.0,165.55555555555554,11-3-5-14-6-9-13-12*
1337,11,12,34.0,5960.0,175.2941176470588,11-3-5-7-9-13-12*
1213,11,12,37.0,6750.0,182.43243243243242,11-3-5-7-14-6-9-12*
1217,11,12,38.0,7300.0,192.10526315789474,11-3-1-2-5-7-9-12*
1342,11,12,38.0,7300.0,192.10526315789474,11-3-1-2-5-14-6-9-12*
1340,11,12,37.0,7290.0,197.02702702702703,11-3-5-7-14-6-9-13-12*
1219,11,12,36.0,7300.0,202.77777777777777,11-3-1-2-5-14-6-9-12*
1341,11,12,38.0,7850.0,206.57894736842104,11-3-1-2-5-7-9-13-12*
1343,11,12,38.0,7850.0,206.57894736842104,11-3-1-2-5-14-6-9-13-12*
1221,11,12,37.0,8980.0,242.7027027027027,11-3-1-2-5-7-14-6-9-12*
1210,11,12,25.0,7240.0,289.6,11-3-5-7-9-10-12*
1212,11,12,25.0,7240.0,289.6,11-3-5-14-6-9-10-12*
1216,11,12,25.0,7240.0,289.6,11-3-5-14-7-9-10-12*
1214,11,12,25.0,8630.0,345.2,11-3-5-7-14-6-9-10-12*
1218,11,12,25.0,9190.0,367.6,11-3-1-2-5-7-9-10-12*
1220,11,12,25.0,9190.0,367.6,11-3-1-2-5-14-6-9-10-12*
1222,11,13,17.0,600.0,35.294117647058826,11-10-12-13*
1223,11,13,23.0,2280.0,99.1304347826087,11-10-9-13*
1227,11,13,33.0,3700.0,112.12121212121212,11-10-12-9-13*
1232,11,13,35.0,4660.0,133.14285714285714,11-3-5-14-7-9-13*
1224,11,13,27.0,3700.0,137.03703703703704,11-10-9-12-13*
1228,11,13,34.0,4660.0,137.05882352941177,11-3-5-14-6-9-13*
1225,11,13,32.0,4660.0,145.625,11-3-5-7-9-13*
1451,11,13,35.0,5960.0,170.28571428571428,11-3-5-14-7-9-12-13*
1230,11,13,35.0,5970.0,170.57142857142858,11-3-5-7-14-6-9-13*
1450,11,13,34.0,5960.0,175.2941176470588,11-3-5-14-6-9-12-13*
1234,11,13,36.0,6510.0,180.83333333333334,11-3-1-2-5-7-9-13*
1454,11,13,36.0,6510.0,180.83333333333334,11-3-1-2-5-14-6-9-13*
1449,11,13,32.0,5960.0,186.25,11-3-5-7-9-12-13*
1236,11,13,34.0,6510.0,191.47058823529412,11-3-1-2-5-14-6-9-13*
1452,11,13,35.0,7290.0,208.28571428571428,11-3-5-7-14-6-9-12-13*
1453,11,13,36.0,7850.0,218.05555555555554,11-3-1-2-5-7-9-12-13*
1226,11,13,27.0,5960.0,220.74074074074073,11-3-5-7-9-12-13*
1229,11,13,27.0,5960.0,220.74074074074073,11-3-5-14-6-9-12-13*
1233,11,13,27.0,5960.0,220.74074074074073,11-3-5-14-7-9-12-13*
1231,11,13,27.0,7290.0,270.0,11-3-5-7-14-6-9-12-13*
1235,11,13,27.0,7850.0,290.74074074074076,11-3-1-2-5-7-9-12-13*
1237,11,14,17.0,280.0,16.470588235294116,11-3-5-14*
1238,11,14,18.0,600.0,33.333333333333336,11-3-5-7-14*
1241,11,14,28.0,1790.0,63.92857142857143,11-3-4-1-2-5-14*
1239,11,14,21.0,1400.0,66.66666666666667,11-3-1-2-5-14*
1509,11,14,21.0,2080.0,99.04761904761905,11-3-1-2-5-7-14*
1240,11,14,18.0,2080.0,115.55555555555556,11-3-1-2-5-7-14*
1510,11,14,24.0,2820.0,117.5,11-10-9-6-14*
1242,11,14,18.0,2520.0,140.0,11-3-4-1-2-5-7-14*
1512,11,14,33.0,5520.0,167.27272727272728,11-3-5-7-9-6-14*
1511,11,14,28.0,4930.0,176.07142857142858,11-10-9-7-5-14*
1513,11,14,21.0,7710.0,367.14285714285717,11-3-1-2-5-7-9-6-14*
1344,12,13,2.0,90.0,45.0,12-13*
1345,12,13,18.0,1490.0,82.77777777777777,12-9-13*
1346,12,13,18.0,2910.0,161.66666666666666,12-10-9-13*
1350,12,14,20.0,1900.0,95.0,12-9-7-14*
1347,12,14,19.0,1900.0,100.0,12-9-6-14*
1351,12,14,20.0,2400.0,120.0,12-13-9-7-14*
1348,12,14,19.0,2400.0,126.3157894736842,12-13-9-6-14*
1356,12,14,42.0,5950.0,141.66666666666666,12-9-10-11-3-5-14*
1360,12,14,42.0,6500.0,154.76190476190476,12-13-9-10-11-3-5-14*
1352,12,14,20.0,3360.0,168.0,12-10-9-7-14*
1353,12,14,23.0,3890.0,169.1304347826087,12-9-7-5-14*
1349,12,14,19.0,3360.0,176.8421052631579,12-10-9-6-14*
1514,12,14,19.0,3360.0,176.8421052631579,12-10-9-7-14*
1354,12,14,23.0,4410.0,191.7391304347826,12-13-9-7-5-14*
1358,12,14,35.0,7540.0,215.42857142857142,12-9-10-11-3-1-2-5-14*
1355,12,14,23.0,5470.0,237.82608695652175,12-10-9-7-5-14*
1515,12,14,19.0,5470.0,287.89473684210526,12-10-9-7-5-14*
1357,12,14,24.0,7240.0,301.6666666666667,12-9-10-11-3-5-7-14*
1361,12,14,24.0,7800.0,325.0,12-13-9-10-11-3-5-7-14*
1359,12,14,24.0,9190.0,382.9166666666667,12-9-10-11-3-1-2-5-7-14*
1456,13,14,18.0,1290.0,71.66666666666667,13-9-7-14*
1455,13,14,17.0,1290.0,75.88235294117646,13-9-6-14*
1457,13,14,21.0,2400.0,114.28571428571429,13-12-9-6-14*
1516,13,14,21.0,2400.0,114.28571428571429,13-12-9-7-14*
1461,13,14,40.0,5030.0,125.75,13-9-10-11-3-5-14*
1458,13,14,18.0,2400.0,133.33333333333334,13-12-9-7-14*
1459,13,14,21.0,3270.0,155.71428571428572,13-9-7-5-14*
1465,13,14,40.0,6500.0,162.5,13-12-9-10-11-3-5-14*
1469,13,14,40.0,7270.0,181.75,13-9-10-11-3-4-1-2-5-14*
1463,13,14,33.0,6600.0,200.0,13-9-10-11-3-1-2-5-14*
1460,13,14,21.0,4410.0,210.0,13-12-9-7-5-14*
1467,13,14,33.0,8110.0,245.75757575757575,13-12-9-10-11-3-1-2-5-14*
1462,13,14,22.0,6310.0,286.8181818181818,13-9-10-11-3-5-7-14*
1466,13,14,22.0,7800.0,354.54545454545456,13-12-9-10-11-3-5-7-14*
1464,13,14,22.0,8240.0,374.54545454545456,13-9-10-11-3-1-2-5-7-14*
1468,13,14,22.0,9770.0,444.09090909090907,13-12-9-10-11-3-1-2-5-7-14*
