,0,1,2,3,4,5,6,7,8,9,10,11,12,13,14,15,16,17,18,19,20,21,22,23,24,25,26,27,28,29,30,31,32,33,34,35,36,37,38,39,40,41,42,43,44,45,46,47,48,49,50,51,52,53,54,55,56,57,58,59,60,61,62,63,64,65,66,67,68,69
0,0,10000,4,7,10000,10000,10000,10000,10000,10000,10000,10000,10000,10000,10000,10000,10000,10000,10000,10000,10000,10000,10000,4,10000,10000,10000,10000,10000,10000,10000,10000,10000,10000,10000,10000,10000,10000,10000,10000,10000,10000,10000,10000,10000,10000,10000,10000,10000,10000,5,10000,10000,10000,10000,10000,10000,10000,10000,10000,10000,10000,10000,10000,10000,10000,10000,10000,10000,6
1,10000,0,10000,10000,10000,10000,10000,10000,10000,5,10000,5,10000,10000,10000,10000,3,10000,10000,10000,10000,10000,10000,10000,10000,10000,3,10000,10000,10000,10000,5,10000,10000,10000,10000,10000,10000,10000,10000,10000,10000,10000,10000,10000,10000,10000,10000,10000,3,10000,10000,10000,10000,10000,10000,10000,10000,10000,5,10000,10000,10000,10000,10000,10000,10000,10000,5,10000
2,4,10000,0,10000,10000,10000,10000,10000,10000,10000,10000,10000,10000,10000,7,10000,10000,10000,10000,10000,10000,10000,10000,6,10000,10000,10000,10000,10000,10000,10000,10000,10000,10000,10000,10000,10000,10000,10000,10000,10000,10000,10000,10000,10000,10000,10000,10000,10000,10000,4,10000,10000,10000,10000,10000,10000,10000,10000,10000,10000,10000,10000,10000,10000,10000,10000,10000,10000,10000
3,7,10000,10000,0,10000,10000,10000,10000,10000,10000,10000,10000,10000,10000,10000,10000,10000,10000,10000,5,10000,10000,10000,5,10000,10000,10000,10000,10000,3,10000,10000,10000,10000,10000,10000,10000,10000,5,10000,10000,10000,10000,10000,10000,10000,10000,10000,4,10000,10000,10000,10000,10000,10000,10000,10000,10000,10000,10000,10000,10000,10000,10000,10000,10000,3,10000,10000,2
4,10000,10000,10000,10000,0,10000,10000,4,10000,10000,10000,10000,5,10000,10000,10000,10000,10000,10000,10000,10000,10000,10000,10000,10000,5,10000,10000,10000,10000,10000,10000,10000,10000,10000,10000,10000,10000,10000,10000,5,10000,10000,10000,10000,10000,10000,10000,10000,10000,10000,10000,10000,5,10000,10000,10000,10000,10000,10000,10000,10000,10000,10000,10000,10000,10000,10000,10000,10000
5,10000,10000,10000,10000,10000,0,10000,10000,10000,10000,10000,10000,10000,10000,10000,10000,10000,10000,4,10000,10000,10000,10000,10000,10000,10000,10000,10000,10000,10000,10000,10000,5,10000,10000,10000,10000,2,10000,10000,10000,10000,10000,10000,10000,10000,10000,10000,10000,10000,10000,10000,10000,10000,4,10000,10000,10000,10000,10000,10000,10000,10000,10000,10000,2,10000,4,10000,10000
6,10000,10000,10000,10000,10000,10000,0,10000,10000,10000,10000,10000,10000,10000,10000,10000,10000,10000,10000,10000,10000,7,10000,10000,10000,10000,10000,10000,10000,10000,10000,10000,10000,10000,10000,6,10000,10000,10000,10000,10000,10000,10000,10000,10000,10000,10000,6,10000,10000,10000,10000,10000,10000,10000,10000,5,10000,10000,10000,10000,10000,10000,5,10000,10000,10000,10000,10000,10000
7,10000,10000,10000,10000,4,10000,10000,0,10000,10000,10000,10000,10000,10000,10000,10000,10000,10000,10000,10000,10000,10000,10000,10000,10000,10000,10000,10000,10000,10000,10000,10000,10000,10000,10000,10000,10000,10000,10000,10000,2,10000,10000,10000,10000,10000,3,7,10000,10000,10000,10000,10000,4,10000,10000,10000,10000,10000,10000,10000,10000,10000,10000,10000,10000,10000,10000,10000,10000
8,10000,10000,10000,10000,10000,10000,10000,10000,0,10000,5,10000,10000,10000,10000,10000,10000,10000,10000,10000,10000,10000,10000,10000,10000,10000,5,10000,2,10000,10000,10000,10000,10000,10000,10000,10000,10000,10000,10000,10000,10000,10000,10000,10000,10000,10000,10000,10000,10000,10000,5,4,10000,10000,5,3,10000,10000,10000,10000,10000,10000,10000,10000,10000,10000,10000,10000,10000
9,10000,5,10000,10000,10000,10000,10000,10000,10000,0,10000,3,10000,10000,10000,10000,6,8,10000,10000,10000,10000,10000,10000,10000,10000,10000,10000,10000,10000,10000,5,10000,10000,10000,10000,10000,10000,10000,10000,10000,10000,10000,10000,10000,10000,10000,10000,10000,6,10000,10000,10000,10000,10000,10000,10000,10000,10000,4,10000,10000,10000,10000,10000,10000,10000,10000,1,10000
10,10000,10000,10000,10000,10000,10000,10000,10000,5,10000,0,10000,10000,10000,10000,10000,4,6,10000,10000,5,10000,10000,10000,10000,10000,10000,10000,5,10000,10000,10000,10000,10000,10000,10000,10000,10000,10000,10000,10000,10000,10000,10000,10000,10000,10000,10000,10000,10000,10000,10000,5,10000,10000,2,10000,10000,10000,5,10000,10000,10000,10000,10000,10000,10000,10000,10000,10000
11,10000,5,10000,10000,10000,10000,10000,10000,10000,3,10000,0,10000,10000,10000,7,10000,10000,10000,10000,10000,10000,10000,10000,10000,10000,10000,10000,10000,10000,10000,3,10000,10000,10000,10000,10000,10000,10000,10000,10000,10000,10000,10000,10000,10000,10000,10000,10000,5,10000,10000,10000,10000,10000,10000,10000,10000,10000,6,10000,10000,10000,10000,10000,10000,10000,10000,3,10000
12,10000,10000,10000,10000,5,10000,10000,10000,10000,10000,10000,10000,0,10000,10000,10000,10000,10000,10000,10000,10000,10000,10000,10000,10000,2,10000,5,10000,10000,10000,10000,10000,10000,10000,10000,10000,10000,10000,10000,9,5,10000,10000,10000,10000,10000,10000,10000,10000,10000,10000,10000,10000,10000,10000,10000,10000,10000,10000,10000,10000,10000,10000,10000,10000,10000,10000,10000,10000
13,10000,10000,10000,10000,10000,10000,10000,10000,10000,10000,10000,10000,10000,0,10000,10000,10000,10000,10000,10000,6,10000,5,10000,10000,10000,10000,10000,10000,10000,10000,10000,10000,4,10000,10000,10000,10000,10000,10000,10000,10000,10000,4,10000,10000,10000,10000,10000,10000,5,10000,10000,10000,10000,10000,10000,10000,10000,10000,10000,10000,10000,10000,10000,10000,10000,10000,10000,10000
14,10000,10000,7,10000,10000,10000,10000,10000,10000,10000,10000,10000,10000,10000,0,10000,10000,10000,10000,10000,10000,10000,10000,10000,10000,10000,10000,10000,10000,10000,10000,10000,10000,10000,10000,10000,10000,10000,10000,10000,10000,10000,10000,10000,5,10000,10000,10000,10000,10000,10000,10000,10000,10000,10000,10000,10000,10000,10000,10000,7,8,10000,10000,10000,10000,10000,10000,10000,10000
15,10000,10000,10000,10000,10000,10000,10000,10000,10000,10000,10000,7,10000,10000,10000,0,10000,10000,10000,10000,10000,10000,10000,10000,10000,10000,10000,10000,10000,10000,5,10000,10000,10000,10000,10000,10000,10000,10000,10000,10000,10000,3,10000,10000,10000,10000,10000,10000,4,10000,10000,10000,10000,10000,10000,10000,10000,10000,10000,10000,10000,4,10000,10000,10000,10000,10000,10000,10000
16,10000,3,10000,10000,10000,10000,10000,10000,10000,6,4,10000,10000,10000,10000,10000,0,10000,10000,10000,10000,10000,10000,10000,10000,10000,2,10000,10000,10000,10000,10000,10000,10000,10000,10000,10000,10000,10000,10000,10000,10000,10000,10000,10000,10000,10000,10000,10000,10000,10000,10000,10000,10000,10000,5,10000,10000,10000,10000,10000,10000,10000,10000,10000,10000,10000,10000,10000,10000
17,10000,10000,10000,10000,10000,10000,10000,10000,10000,8,6,10000,10000,10000,10000,10000,10000,0,10000,10000,4,10000,10000,10000,10000,10000,10000,10000,10000,10000,10000,10000,10000,10000,10000,10000,10000,10000,10000,10000,10000,10000,10000,5,8,10000,10000,10000,10000,10000,8,10000,10000,10000,10000,6,10000,10000,10000,5,7,4,10000,10000,10000,10000,10000,10000,10000,10000
18,10000,10000,10000,10000,10000,4,10000,10000,10000,10000,10000,10000,10000,10000,10000,10000,10000,10000,0,4,10000,10000,10000,10000,10000,10000,10000,10000,10000,10000,10000,10000,4,10000,10000,10000,10000,5,5,4,10000,10000,10000,10000,10000,10000,10000,10000,10000,10000,10000,10000,10000,10000,2,10000,10000,10000,10000,10000,10000,10000,10000,10000,10000,4,5,7,10000,7
19,10000,10000,10000,5,10000,10000,10000,10000,10000,10000,10000,10000,10000,10000,10000,10000,10000,10000,4,0,10000,10000,6,10000,10000,10000,10000,10000,10000,6,10000,10000,10000,10000,10000,10000,5,10000,2,10000,10000,10000,10000,10000,10000,10000,10000,10000,10000,10000,10000,10000,10000,10000,3,10000,10000,10000,10000,10000,10000,10000,10000,10000,10000,7,2,10000,10000,5
20,10000,10000,10000,10000,10000,10000,10000,10000,10000,10000,5,10000,10000,6,10000,10000,10000,4,10000,10000,0,10000,10000,10000,10000,10000,10000,10000,10000,10000,10000,10000,10000,6,10000,10000,10000,10000,10000,10000,10000,10000,10000,5,10000,10000,10000,10000,10000,10000,10000,10000,5,10000,10000,4,10000,10000,10000,10000,10000,10000,10000,10000,10000,10000,10000,10000,10000,10000
21,10000,10000,10000,10000,10000,10000,7,10000,10000,10000,10000,10000,10000,10000,10000,10000,10000,10000,10000,10000,10000,0,10000,10000,3,10000,10000,10000,10000,10000,5,10000,10000,10000,10000,10000,10000,10000,10000,10000,10000,10000,10000,10000,10000,10000,10000,10000,10000,10000,10000,10000,10000,10000,10000,10000,10000,10000,10000,10000,10000,10000,6,3,10000,10000,10000,10000,10000,10000
22,10000,10000,10000,10000,10000,10000,10000,10000,10000,10000,10000,10000,10000,5,10000,10000,10000,10000,10000,6,10000,10000,0,10000,10000,10000,10000,10000,10000,10000,10000,10000,10000,3,10000,10000,5,10000,5,10000,10000,10000,10000,10000,10000,5,10000,10000,10000,10000,10000,10000,10000,10000,10000,10000,10000,10000,10000,10000,10000,10000,10000,10000,10000,10000,10000,10000,10000,10000
23,4,10000,6,5,10000,10000,10000,10000,10000,10000,10000,10000,10000,10000,10000,10000,10000,10000,10000,10000,10000,10000,10000,0,10000,10000,10000,10000,10000,6,10000,10000,10000,10000,10000,10000,10000,10000,10000,10000,10000,10000,10000,10000,10000,10000,10000,10000,10000,10000,5,10000,10000,10000,10000,10000,10000,10000,10000,10000,10000,10000,10000,10000,10000,10000,10000,10000,10000,4
24,10000,10000,10000,10000,10000,10000,10000,10000,10000,10000,10000,10000,10000,10000,10000,10000,10000,10000,10000,10000,10000,3,10000,10000,0,10000,10000,10000,10000,10000,3,10000,10000,10000,10000,10000,10000,10000,10000,10000,10000,10000,6,10000,10000,10000,10000,10000,10000,10000,10000,10000,10000,10000,10000,10000,10000,10000,10000,10000,10000,10000,4,4,10000,10000,10000,10000,10000,10000
25,10000,10000,10000,10000,5,10000,10000,10000,10000,10000,10000,10000,2,10000,10000,10000,10000,10000,10000,10000,10000,10000,10000,10000,10000,0,10000,4,10000,10000,10000,10000,10000,10000,6,10000,10000,10000,10000,10000,10000,5,10000,10000,10000,10000,10000,10000,10000,10000,10000,10000,10000,10000,10000,10000,10000,6,10000,10000,10000,10000,10000,10000,10000,10000,10000,10000,10000,10000
26,10000,3,10000,10000,10000,10000,10000,10000,5,10000,10000,10000,10000,10000,10000,10000,2,10000,10000,10000,10000,10000,10000,10000,10000,10000,0,10000,10000,10000,4,10000,10000,10000,10000,10000,10000,10000,10000,10000,10000,10000,10000,10000,10000,10000,10000,10000,10000,3,10000,10000,10000,10000,10000,10000,10000,10000,10000,10000,10000,10000,7,10000,10000,10000,10000,10000,10000,10000
27,10000,10000,10000,10000,10000,10000,10000,10000,10000,10000,10000,10000,5,10000,10000,10000,10000,10000,10000,10000,10000,10000,10000,10000,10000,4,10000,0,10000,10000,10000,10000,10000,10000,10000,10000,10000,10000,10000,10000,10000,6,10000,10000,10000,10000,10000,10000,10000,10000,10000,10000,10000,10000,10000,10000,10000,10000,10000,10000,10000,10000,10000,10000,10000,10000,10000,6,10000,10000
28,10000,10000,10000,10000,10000,10000,10000,10000,2,10000,5,10000,10000,10000,10000,10000,10000,10000,10000,10000,10000,10000,10000,10000,10000,10000,10000,10000,0,10000,10000,10000,10000,10000,10000,10000,10000,10000,10000,10000,10000,10000,10000,10000,10000,10000,10000,10000,10000,10000,10000,10000,10000,10000,10000,10000,3,10000,10000,10000,10000,10000,10000,10000,10000,10000,10000,10000,10000,10000
29,10000,10000,10000,3,10000,10000,10000,10000,10000,10000,10000,10000,10000,10000,10000,10000,10000,10000,10000,6,10000,10000,10000,6,10000,10000,10000,10000,10000,0,10000,10000,10000,10000,10000,10000,10000,10000,10000,10000,10000,10000,10000,10000,10000,10000,10000,10000,3,10000,10000,10000,10000,10000,10000,10000,10000,10000,10000,10000,10000,10000,10000,10000,10000,10000,5,10000,10000,3
30,10000,10000,10000,10000,10000,10000,10000,10000,10000,10000,10000,10000,10000,10000,10000,5,10000,10000,10000,10000,10000,5,10000,10000,3,10000,4,10000,10000,10000,0,10000,10000,10000,10000,10000,10000,10000,10000,10000,10000,10000,6,10000,10000,10000,10000,10000,10000,10000,10000,10000,10000,10000,10000,10000,10000,10000,10000,10000,10000,10000,5,5,10000,10000,10000,10000,10000,10000
31,10000,5,10000,10000,10000,10000,10000,10000,10000,5,10000,3,10000,10000,10000,10000,10000,10000,10000,10000,10000,10000,10000,10000,10000,10000,10000,10000,10000,10000,10000,0,10000,10000,10000,10000,10000,10000,10000,10000,10000,10000,10000,10000,10000,10000,10000,10000,10000,10000,10000,10000,10000,10000,10000,10000,10000,10000,10000,10000,10000,10000,10000,10000,10000,10000,10000,10000,10000,10000
32,10000,10000,10000,10000,10000,5,10000,10000,10000,10000,10000,10000,10000,10000,10000,10000,10000,10000,4,10000,10000,10000,10000,10000,10000,10000,10000,10000,10000,10000,10000,10000,0,10000,10000,10000,10000,5,10000,3,10000,10000,10000,10000,10000,10000,10000,10000,10000,10000,10000,10000,10000,10000,5,10000,10000,10000,10000,10000,10000,10000,10000,10000,10000,4,10000,10000,10000,10000
33,10000,10000,10000,10000,10000,10000,10000,10000,10000,10000,10000,10000,10000,4,10000,10000,10000,10000,10000,10000,6,10000,3,10000,10000,10000,10000,10000,10000,10000,10000,10000,10000,0,10000,10000,10000,10000,10000,10000,10000,10000,10000,6,10000,10000,10000,10000,10000,10000,7,10000,10000,10000,10000,10000,10000,10000,5,10000,10000,10000,10000,10000,10000,10000,10000,10000,10000,10000
34,10000,10000,10000,10000,10000,10000,10000,10000,10000,10000,10000,10000,10000,10000,10000,10000,10000,10000,10000,10000,10000,10000,10000,10000,10000,6,10000,10000,10000,10000,10000,10000,10000,10000,0,3,10000,10000,10000,10000,10000,3,10000,10000,10000,5,10000,10000,10000,10000,10000,4,10000,10000,10000,10000,10000,2,4,10000,10000,10000,10000,10000,10000,10000,10000,10000,10000,10000
35,10000,10000,10000,10000,10000,10000,6,10000,10000,10000,10000,10000,10000,10000,10000,10000,10000,10000,10000,10000,10000,10000,10000,10000,10000,10000,10000,10000,10000,10000,10000,10000,10000,10000,3,0,10000,10000,10000,10000,10000,5,10000,10000,10000,10000,10000,10000,10000,10000,10000,2,10000,10000,10000,10000,10000,3,4,10000,10000,10000,10000,10000,4,10000,10000,10000,10000,10000
36,10000,10000,10000,10000,10000,10000,10000,10000,10000,10000,10000,10000,10000,10000,10000,10000,10000,10000,10000,5,10000,10000,5,10000,10000,10000,10000,10000,10000,10000,10000,10000,10000,10000,10000,10000,0,10000,4,10000,10000,6,10000,10000,10000,3,10000,10000,10000,10000,10000,10000,10000,10000,5,10000,10000,10000,10000,10000,10000,10000,10000,10000,10000,10000,10000,10000,10000,10000
37,10000,10000,10000,10000,10000,2,10000,10000,10000,10000,10000,10000,10000,10000,10000,10000,10000,10000,5,10000,10000,10000,10000,10000,10000,10000,10000,10000,10000,10000,10000,10000,5,10000,10000,10000,10000,0,10000,10000,10000,10000,10000,10000,10000,10000,10000,10000,10000,10000,10000,10000,10000,10000,10000,10000,10000,10000,10000,10000,10000,10000,10000,10000,10000,2,10000,4,10000,10000
38,10000,10000,10000,5,10000,10000,10000,10000,10000,10000,10000,10000,10000,10000,10000,10000,10000,10000,5,2,10000,10000,5,10000,10000,10000,10000,10000,10000,10000,10000,10000,10000,10000,10000,10000,4,10000,0,10000,10000,10000,10000,10000,10000,10000,10000,10000,10000,10000,10000,10000,10000,10000,4,10000,10000,10000,10000,10000,10000,10000,10000,10000,10000,10000,3,10000,10000,5
39,10000,10000,10000,10000,10000,10000,10000,10000,10000,10000,10000,10000,10000,10000,10000,10000,10000,10000,4,10000,10000,10000,10000,10000,10000,10000,10000,10000,10000,10000,10000,10000,3,10000,10000,10000,10000,10000,10000,0,10000,10000,10000,10000,10000,10000,10000,10000,4,10000,10000,10000,10000,10000,10000,10000,10000,10000,10000,10000,10000,10000,10000,10000,10000,6,10000,10000,10000,10000
40,10000,10000,10000,10000,5,10000,10000,2,10000,10000,10000,10000,9,10000,10000,10000,10000,10000,10000,10000,10000,10000,10000,10000,10000,10000,10000,10000,10000,10000,10000,10000,10000,10000,10000,10000,10000,10000,10000,10000,0,10000,10000,10000,10000,10000,2,8,10000,10000,10000,10000,10000,5,10000,10000,10000,10000,10000,10000,10000,10000,10000,10000,10000,10000,10000,10000,10000,10000
41,10000,10000,10000,10000,10000,10000,10000,10000,10000,10000,10000,10000,5,10000,10000,10000,10000,10000,10000,10000,10000,10000,10000,10000,10000,5,10000,6,10000,10000,10000,10000,10000,10000,3,5,6,10000,10000,10000,10000,0,10000,10000,10000,4,10000,10000,10000,10000,10000,6,10000,10000,10000,10000,10000,4,5,10000,10000,10000,10000,10000,10000,10000,10000,10000,10000,10000
42,10000,10000,10000,10000,10000,10000,10000,10000,10000,10000,10000,10000,10000,10000,10000,3,10000,10000,10000,10000,10000,10000,10000,10000,6,10000,10000,10000,10000,10000,6,10000,10000,10000,10000,10000,10000,10000,10000,10000,10000,10000,0,10000,10000,10000,10000,10000,10000,6,10000,10000,10000,10000,10000,10000,10000,10000,10000,10000,10000,10000,3,10000,10000,10000,10000,10000,10000,10000
43,10000,10000,10000,10000,10000,10000,10000,10000,10000,10000,10000,10000,10000,4,10000,10000,10000,5,10000,10000,5,10000,10000,10000,10000,10000,10000,10000,10000,10000,10000,10000,10000,6,10000,10000,10000,10000,10000,10000,10000,10000,10000,0,10000,10000,10000,10000,10000,10000,4,10000,10000,10000,10000,10000,10000,10000,10000,10000,10000,6,10000,10000,10000,10000,10000,10000,10000,10000
44,10000,10000,10000,10000,10000,10000,10000,10000,10000,10000,10000,10000,10000,10000,5,10000,10000,8,10000,10000,10000,10000,10000,10000,10000,10000,10000,10000,10000,10000,10000,10000,10000,10000,10000,10000,10000,10000,10000,10000,10000,10000,10000,10000,0,10000,10000,10000,10000,10000,10000,10000,10000,10000,10000,10000,10000,10000,10000,10000,3,5,10000,10000,10000,10000,10000,10000,10000,10000
45,10000,10000,10000,10000,10000,10000,10000,10000,10000,10000,10000,10000,10000,10000,10000,10000,10000,10000,10000,10000,10000,10000,5,10000,10000,10000,10000,10000,10000,10000,10000,10000,10000,10000,5,10000,3,10000,10000,10000,10000,4,10000,10000,10000,0,10000,10000,10000,10000,10000,10000,10000,10000,10000,10000,10000,10000,5,10000,10000,10000,10000,10000,10000,10000,10000,10000,10000,10000
46,10000,10000,10000,10000,10000,10000,10000,3,10000,10000,10000,10000,10000,10000,10000,10000,10000,10000,10000,10000,10000,10000,10000,10000,10000,10000,10000,10000,10000,10000,10000,10000,10000,10000,10000,10000,10000,10000,10000,10000,2,10000,10000,10000,10000,10000,0,10000,10000,10000,10000,10000,10000,5,10000,10000,10000,10000,10000,10000,10000,10000,10000,10000,10000,10000,10000,10000,10000,10000
47,10000,10000,10000,10000,10000,10000,6,7,10000,10000,10000,10000,10000,10000,10000,10000,10000,10000,10000,10000,10000,10000,10000,10000,10000,10000,10000,10000,10000,10000,10000,10000,10000,10000,10000,10000,10000,10000,10000,10000,8,10000,10000,10000,10000,10000,10000,0,10000,10000,10000,10000,10000,5,10000,10000,10000,10000,10000,10000,10000,10000,10000,10000,10000,10000,10000,10000,10000,10000
48,10000,10000,10000,4,10000,10000,10000,10000,10000,10000,10000,10000,10000,10000,10000,10000,10000,10000,10000,10000,10000,10000,10000,10000,10000,10000,10000,10000,10000,3,10000,10000,10000,10000,10000,10000,10000,10000,10000,4,10000,10000,10000,10000,10000,10000,10000,10000,0,10000,10000,10000,10000,10000,10000,10000,10000,10000,10000,10000,10000,10000,10000,10000,10000,10000,5,10000,10000,5
49,10000,3,10000,10000,10000,10000,10000,10000,10000,6,10000,5,10000,10000,10000,4,10000,10000,10000,10000,10000,10000,10000,10000,10000,10000,3,10000,10000,10000,10000,10000,10000,10000,10000,10000,10000,10000,10000,10000,10000,10000,6,10000,10000,10000,10000,10000,10000,0,10000,10000,10000,10000,10000,10000,10000,10000,10000,10000,10000,10000,6,10000,10000,10000,10000,10000,10000,10000
50,5,10000,4,10000,10000,10000,10000,10000,10000,10000,10000,10000,10000,5,10000,10000,10000,8,10000,10000,10000,10000,10000,5,10000,10000,10000,10000,10000,10000,10000,10000,10000,7,10000,10000,10000,10000,10000,10000,10000,10000,10000,4,10000,10000,10000,10000,10000,10000,0,10000,10000,10000,10000,10000,10000,10000,10000,10000,10000,10000,10000,10000,10000,10000,10000,10000,10000,10000
51,10000,10000,10000,10000,10000,10000,10000,10000,5,10000,10000,10000,10000,10000,10000,10000,10000,10000,10000,10000,10000,10000,10000,10000,10000,10000,10000,10000,10000,10000,10000,10000,10000,10000,4,2,10000,10000,10000,10000,10000,6,10000,10000,10000,10000,10000,10000,10000,10000,10000,0,10000,10000,10000,10000,4,4,4,10000,10000,10000,10000,10000,3,10000,10000,10000,10000,10000
52,10000,10000,10000,10000,10000,10000,10000,10000,4,10000,5,10000,10000,10000,10000,10000,10000,10000,10000,10000,5,10000,10000,10000,10000,10000,10000,10000,10000,10000,10000,10000,10000,10000,10000,10000,10000,10000,10000,10000,10000,10000,10000,10000,10000,10000,10000,10000,10000,10000,10000,10000,0,10000,10000,4,10000,10000,10000,10000,10000,10000,10000,10000,3,10000,10000,10000,10000,10000
53,10000,10000,10000,10000,5,10000,10000,4,10000,10000,10000,10000,10000,10000,10000,10000,10000,10000,10000,10000,10000,10000,10000,10000,10000,10000,10000,10000,10000,10000,10000,10000,10000,10000,10000,10000,10000,10000,10000,10000,5,10000,10000,10000,10000,10000,5,5,10000,10000,10000,10000,10000,0,10000,10000,10000,10000,10000,10000,10000,10000,10000,10000,10000,10000,10000,10000,10000,10000
54,10000,10000,10000,10000,10000,4,10000,10000,10000,10000,10000,10000,10000,10000,10000,10000,10000,10000,2,3,10000,10000,10000,10000,10000,10000,10000,10000,10000,10000,10000,10000,5,10000,10000,10000,5,10000,4,10000,10000,10000,10000,10000,10000,10000,10000,10000,10000,10000,10000,10000,10000,10000,0,10000,10000,10000,10000,10000,10000,10000,10000,10000,10000,5,4,10000,10000,10000
55,10000,10000,10000,10000,10000,10000,10000,10000,5,10000,2,10000,10000,10000,10000,10000,5,6,10000,10000,4,10000,10000,10000,10000,10000,10000,10000,10000,10000,10000,10000,10000,10000,10000,10000,10000,10000,10000,10000,10000,10000,10000,10000,10000,10000,10000,10000,10000,10000,10000,10000,4,10000,10000,0,10000,10000,10000,10000,10000,10000,10000,10000,10000,10000,10000,10000,10000,10000
56,10000,10000,10000,10000,10000,10000,5,10000,3,10000,10000,10000,10000,10000,10000,10000,10000,10000,10000,10000,10000,10000,10000,10000,10000,10000,10000,10000,3,10000,10000,10000,10000,10000,10000,10000,10000,10000,10000,10000,10000,10000,10000,10000,10000,10000,10000,10000,10000,10000,10000,4,10000,10000,10000,10000,0,10000,10000,10000,10000,10000,10000,10000,10000,10000,10000,10000,10000,10000
57,10000,10000,10000,10000,10000,10000,10000,10000,10000,10000,10000,10000,10000,10000,10000,10000,10000,10000,10000,10000,10000,10000,10000,10000,10000,6,10000,10000,10000,10000,10000,10000,10000,10000,2,3,10000,10000,10000,10000,10000,4,10000,10000,10000,10000,10000,10000,10000,10000,10000,4,10000,10000,10000,10000,10000,0,5,10000,10000,10000,10000,10000,10000,10000,10000,10000,10000,10000
58,10000,10000,10000,10000,10000,10000,10000,10000,10000,10000,10000,10000,10000,10000,10000,10000,10000,10000,10000,10000,10000,10000,10000,10000,10000,10000,10000,10000,10000,10000,10000,10000,10000,5,4,4,10000,10000,10000,10000,10000,5,10000,10000,10000,5,10000,10000,10000,10000,10000,4,10000,10000,10000,10000,10000,5,0,10000,10000,10000,10000,10000,3,10000,10000,10000,10000,10000
59,10000,5,10000,10000,10000,10000,10000,10000,10000,4,5,6,10000,10000,10000,10000,10000,5,10000,10000,10000,10000,10000,10000,10000,10000,10000,10000,10000,10000,10000,10000,10000,10000,10000,10000,10000,10000,10000,10000,10000,10000,10000,10000,10000,10000,10000,10000,10000,10000,10000,10000,10000,10000,10000,10000,10000,10000,10000,0,10000,10000,10000,10000,10000,10000,10000,10000,4,10000
60,10000,10000,10000,10000,10000,10000,10000,10000,10000,10000,10000,10000,10000,10000,7,10000,10000,7,10000,10000,10000,10000,10000,10000,10000,10000,10000,10000,10000,10000,10000,10000,10000,10000,10000,10000,10000,10000,10000,10000,10000,10000,10000,10000,3,10000,10000,10000,10000,10000,10000,10000,10000,10000,10000,10000,10000,10000,10000,10000,0,4,10000,10000,10000,10000,10000,10000,10000,10000
61,10000,10000,10000,10000,10000,10000,10000,10000,10000,10000,10000,10000,10000,10000,8,10000,10000,4,10000,10000,10000,10000,10000,10000,10000,10000,10000,10000,10000,10000,10000,10000,10000,10000,10000,10000,10000,10000,10000,10000,10000,10000,10000,6,5,10000,10000,10000,10000,10000,10000,10000,10000,10000,10000,10000,10000,10000,10000,10000,4,0,10000,10000,10000,10000,10000,10000,10000,10000
62,10000,10000,10000,10000,10000,10000,10000,10000,10000,10000,10000,10000,10000,10000,10000,4,10000,10000,10000,10000,10000,6,10000,10000,4,10000,7,10000,10000,10000,5,10000,10000,10000,10000,10000,10000,10000,10000,10000,10000,10000,3,10000,10000,10000,10000,10000,10000,6,10000,10000,10000,10000,10000,10000,10000,10000,10000,10000,10000,10000,0,10000,10000,10000,10000,10000,10000,10000
63,10000,10000,10000,10000,10000,10000,5,10000,10000,10000,10000,10000,10000,10000,10000,10000,10000,10000,10000,10000,10000,3,10000,10000,4,10000,10000,10000,10000,10000,5,10000,10000,10000,10000,10000,10000,10000,10000,10000,10000,10000,10000,10000,10000,10000,10000,10000,10000,10000,10000,10000,10000,10000,10000,10000,10000,10000,10000,10000,10000,10000,10000,0,10000,10000,10000,10000,10000,10000
64,10000,10000,10000,10000,10000,10000,10000,10000,10000,10000,10000,10000,10000,10000,10000,10000,10000,10000,10000,10000,10000,10000,10000,10000,10000,10000,10000,10000,10000,10000,10000,10000,10000,10000,10000,4,10000,10000,10000,10000,10000,10000,10000,10000,10000,10000,10000,10000,10000,10000,10000,3,3,10000,10000,10000,10000,10000,3,10000,10000,10000,10000,10000,0,10000,10000,10000,10000,10000
65,10000,10000,10000,10000,10000,2,10000,10000,10000,10000,10000,10000,10000,10000,10000,10000,10000,10000,4,7,10000,10000,10000,10000,10000,10000,10000,10000,10000,10000,10000,10000,4,10000,10000,10000,10000,2,10000,6,10000,10000,10000,10000,10000,10000,10000,10000,10000,10000,10000,10000,10000,10000,5,10000,10000,10000,10000,10000,10000,10000,10000,10000,10000,0,10000,5,10000,10000
66,10000,10000,10000,3,10000,10000,10000,10000,10000,10000,10000,10000,10000,10000,10000,10000,10000,10000,5,2,10000,10000,10000,10000,10000,10000,10000,10000,10000,5,10000,10000,10000,10000,10000,10000,10000,10000,3,10000,10000,10000,10000,10000,10000,10000,10000,10000,5,10000,10000,10000,10000,10000,4,10000,10000,10000,10000,10000,10000,10000,10000,10000,10000,10000,0,10000,10000,4
67,10000,10000,10000,10000,10000,4,10000,10000,10000,10000,10000,10000,10000,10000,10000,10000,10000,10000,7,10000,10000,10000,10000,10000,10000,10000,10000,6,10000,10000,10000,10000,10000,10000,10000,10000,10000,4,10000,10000,10000,10000,10000,10000,10000,10000,10000,10000,10000,10000,10000,10000,10000,10000,10000,10000,10000,10000,10000,10000,10000,10000,10000,10000,10000,5,10000,0,10000,10000
68,10000,5,10000,10000,10000,10000,10000,10000,10000,1,10000,3,10000,10000,10000,10000,10000,10000,10000,10000,10000,10000,10000,10000,10000,10000,10000,10000,10000,10000,10000,10000,10000,10000,10000,10000,10000,10000,10000,10000,10000,10000,10000,10000,10000,10000,10000,10000,10000,10000,10000,10000,10000,10000,10000,10000,10000,10000,10000,4,10000,10000,10000,10000,10000,10000,10000,10000,0,10000
69,6,10000,10000,2,10000,10000,10000,10000,10000,10000,10000,10000,10000,10000,10000,10000,10000,10000,7,5,10000,10000,10000,4,10000,10000,10000,10000,10000,3,10000,10000,10000,10000,10000,10000,10000,10000,5,10000,10000,10000,10000,10000,10000,10000,10000,10000,5,10000,10000,10000,10000,10000,10000,10000,10000,10000,10000,10000,10000,10000,10000,10000,10000,10000,4,10000,10000,0
